year,set,subject,marks,source_url
2010,1,Probability,4,https://docs.google.com/spreadsheets/d/1ELvXc5h1iMOv31KZ4m6UQQZq3J8g-nVhZNlTP9Vpiuc/edit?gid=935355893
2010,1,Linear Algebra,2,https://docs.google.com/spreadsheets/d/1ELvXc5h1iMOv31KZ4m6UQQZq3J8g-nVhZNlTP9Vpiuc/edit?gid=935355893
2010,1,Calculus,1,https://docs.google.com/spreadsheets/d/1ELvXc5h1iMOv31KZ4m6UQQZq3J8g-nVhZNlTP9Vpiuc/edit?gid=935355893
2010,1,Numerical Methods,1,https://docs.google.com/spreadsheets/d/1ELvXc5h1iMOv31KZ4m6UQQZq3J8g-nVhZNlTP9Vpiuc/edit?gid=935355893
2010,1,Mathematical Logic,2,https://docs.google.com/spreadsheets/d/1ELvXc5h1iMOv31KZ4m6UQQZq3J8g-nVhZNlTP9Vpiuc/edit?gid=935355893
2010,1,Set Theory & Algebra,2,https://docs.google.com/spreadsheets/d/1ELvXc5h1iMOv31KZ4m6UQQZq3J8g-nVhZNlTP9Vpiuc/edit?gid=935355893
2010,1,Combinatory,0,https://docs.google.com/spreadsheets/d/1ELvXc5h1iMOv31KZ4m6UQQZq3J8g-nVhZNlTP9Vpiuc/edit?gid=935355893
2010,1,Graph Theory,3,https://docs.google.com/spreadsheets/d/1ELvXc5h1iMOv31KZ4m6UQQZq3J8g-nVhZNlTP9Vpiuc/edit?gid=935355893
2010,1,Digital Logic,8,https://docs.google.com/spreadsheets/d/1ELvXc5h1iMOv31KZ4m6UQQZq3J8g-nVhZNlTP9Vpiuc/edit?gid=935355893
2010,1,CO & Architecture,6,https://docs.google.com/spreadsheets/d/1ELvXc5h1iMOv31KZ4m6UQQZq3J8g-nVhZNlTP9Vpiuc/edit?gid=935355893
2010,1,Programming,2,https://docs.google.com/spreadsheets/d/1ELvXc5h1iMOv31KZ4m6UQQZq3J8g-nVhZNlTP9Vpiuc/edit?gid=935355893
2010,1,Data Structures,5,https://docs.google.com/spreadsheets/d/1ELvXc5h1iMOv31KZ4m6UQQZq3J8g-nVhZNlTP9Vpiuc/edit?gid=935355893
2010,1,Algorithms,11,https://docs.google.com/spreadsheets/d/1ELvXc5h1iMOv31KZ4m6UQQZq3J8g-nVhZNlTP9Vpiuc/edit?gid=935355893
2010,1,Theory of Computation,7,https://docs.google.com/spreadsheets/d/1ELvXc5h1iMOv31KZ4m6UQQZq3J8g-nVhZNlTP9Vpiuc/edit?gid=935355893
2010,1,Compiler Design,5,https://docs.google.com/spreadsheets/d/1ELvXc5h1iMOv31KZ4m6UQQZq3J8g-nVhZNlTP9Vpiuc/edit?gid=935355893
2010,1,Operating System,7,https://docs.google.com/spreadsheets/d/1ELvXc5h1iMOv31KZ4m6UQQZq3J8g-nVhZNlTP9Vpiuc/edit?gid=935355893
2010,1,Databases,7,https://docs.google.com/spreadsheets/d/1ELvXc5h1iMOv31KZ4m6UQQZq3J8g-nVhZNlTP9Vpiuc/edit?gid=935355893
2010,1,Computer Networks,7,https://docs.google.com/spreadsheets/d/1ELvXc5h1iMOv31KZ4m6UQQZq3J8g-nVhZNlTP9Vpiuc/edit?gid=935355893
2010,1,Quantitative Aptitude,9,https://docs.google.com/spreadsheets/d/1ELvXc5h1iMOv31KZ4m6UQQZq3J8g-nVhZNlTP9Vpiuc/edit?gid=935355893
2010,1,Verbal Aptitude,6,https://docs.google.com/spreadsheets/d/1ELvXc5h1iMOv31KZ4m6UQQZq3J8g-nVhZNlTP9Vpiuc/edit?gid=935355893
2010,1,IS & Software Engg.,4,https://docs.google.com/spreadsheets/d/1ELvXc5h1iMOv31KZ4m6UQQZq3J8g-nVhZNlTP9Vpiuc/edit?gid=935355893
2010,1,Web Technologies,1,https://docs.google.com/spreadsheets/d/1ELvXc5h1iMOv31KZ4m6UQQZq3J8g-nVhZNlTP9Vpiuc/edit?gid=935355893
2011,1,Probability,6,https://docs.google.com/spreadsheets/d/1ELvXc5h1iMOv31KZ4m6UQQZq3J8g-nVhZNlTP9Vpiuc/edit?gid=935355893
2011,1,Linear Algebra,2,https://docs.google.com/spreadsheets/d/1ELvXc5h1iMOv31KZ4m6UQQZq3J8g-nVhZNlTP9Vpiuc/edit?gid=935355893
2011,1,Calculus,2,https://docs.google.com/spreadsheets/d/1ELvXc5h1iMOv31KZ4m6UQQZq3J8g-nVhZNlTP9Vpiuc/edit?gid=935355893
2011,1,Numerical Methods,0,https://docs.google.com/spreadsheets/d/1ELvXc5h1iMOv31KZ4m6UQQZq3J8g-nVhZNlTP9Vpiuc/edit?gid=935355893
2011,1,Mathematical Logic,2,https://docs.google.com/spreadsheets/d/1ELvXc5h1iMOv31KZ4m6UQQZq3J8g-nVhZNlTP9Vpiuc/edit?gid=935355893
2011,1,Set Theory & Algebra,0,https://docs.google.com/spreadsheets/d/1ELvXc5h1iMOv31KZ4m6UQQZq3J8g-nVhZNlTP9Vpiuc/edit?gid=935355893
2011,1,Combinatory,2,https://docs.google.com/spreadsheets/d/1ELvXc5h1iMOv31KZ4m6UQQZq3J8g-nVhZNlTP9Vpiuc/edit?gid=935355893
2011,1,Graph Theory,1,https://docs.google.com/spreadsheets/d/1ELvXc5h1iMOv31KZ4m6UQQZq3J8g-nVhZNlTP9Vpiuc/edit?gid=935355893
2011,1,Digital Logic,7,https://docs.google.com/spreadsheets/d/1ELvXc5h1iMOv31KZ4m6UQQZq3J8g-nVhZNlTP9Vpiuc/edit?gid=935355893
2011,1,CO & Architecture,7,https://docs.google.com/spreadsheets/d/1ELvXc5h1iMOv31KZ4m6UQQZq3J8g-nVhZNlTP9Vpiuc/edit?gid=935355893
2011,1,Programming,1,https://docs.google.com/spreadsheets/d/1ELvXc5h1iMOv31KZ4m6UQQZq3J8g-nVhZNlTP9Vpiuc/edit?gid=935355893
2011,1,Data Structures,1,https://docs.google.com/spreadsheets/d/1ELvXc5h1iMOv31KZ4m6UQQZq3J8g-nVhZNlTP9Vpiuc/edit?gid=935355893
2011,1,Algorithms,13,https://docs.google.com/spreadsheets/d/1ELvXc5h1iMOv31KZ4m6UQQZq3J8g-nVhZNlTP9Vpiuc/edit?gid=935355893
2011,1,Theory of Computation,8,https://docs.google.com/spreadsheets/d/1ELvXc5h1iMOv31KZ4m6UQQZq3J8g-nVhZNlTP9Vpiuc/edit?gid=935355893
2011,1,Compiler Design,6,https://docs.google.com/spreadsheets/d/1ELvXc5h1iMOv31KZ4m6UQQZq3J8g-nVhZNlTP9Vpiuc/edit?gid=935355893
2011,1,Operating System,8,https://docs.google.com/spreadsheets/d/1ELvXc5h1iMOv31KZ4m6UQQZq3J8g-nVhZNlTP9Vpiuc/edit?gid=935355893
2011,1,Databases,7,https://docs.google.com/spreadsheets/d/1ELvXc5h1iMOv31KZ4m6UQQZq3J8g-nVhZNlTP9Vpiuc/edit?gid=935355893
2011,1,Computer Networks,6,https://docs.google.com/spreadsheets/d/1ELvXc5h1iMOv31KZ4m6UQQZq3J8g-nVhZNlTP9Vpiuc/edit?gid=935355893
2011,1,Quantitative Aptitude,9,https://docs.google.com/spreadsheets/d/1ELvXc5h1iMOv31KZ4m6UQQZq3J8g-nVhZNlTP9Vpiuc/edit?gid=935355893
2011,1,Verbal Aptitude,6,https://docs.google.com/spreadsheets/d/1ELvXc5h1iMOv31KZ4m6UQQZq3J8g-nVhZNlTP9Vpiuc/edit?gid=935355893
2011,1,IS & Software Engg.,5,https://docs.google.com/spreadsheets/d/1ELvXc5h1iMOv31KZ4m6UQQZq3J8g-nVhZNlTP9Vpiuc/edit?gid=935355893
2011,1,Web Technologies,1,https://docs.google.com/spreadsheets/d/1ELvXc5h1iMOv31KZ4m6UQQZq3J8g-nVhZNlTP9Vpiuc/edit?gid=935355893
2012,1,Probability,3,https://docs.google.com/spreadsheets/d/1ELvXc5h1iMOv31KZ4m6UQQZq3J8g-nVhZNlTP9Vpiuc/edit?gid=935355893
2012,1,Linear Algebra,1,https://docs.google.com/spreadsheets/d/1ELvXc5h1iMOv31KZ4m6UQQZq3J8g-nVhZNlTP9Vpiuc/edit?gid=935355893
2012,1,Calculus,1,https://docs.google.com/spreadsheets/d/1ELvXc5h1iMOv31KZ4m6UQQZq3J8g-nVhZNlTP9Vpiuc/edit?gid=935355893
2012,1,Numerical Methods,2,https://docs.google.com/spreadsheets/d/1ELvXc5h1iMOv31KZ4m6UQQZq3J8g-nVhZNlTP9Vpiuc/edit?gid=935355893
2012,1,Mathematical Logic,2,https://docs.google.com/spreadsheets/d/1ELvXc5h1iMOv31KZ4m6UQQZq3J8g-nVhZNlTP9Vpiuc/edit?gid=935355893
2012,1,Set Theory & Algebra,2,https://docs.google.com/spreadsheets/d/1ELvXc5h1iMOv31KZ4m6UQQZq3J8g-nVhZNlTP9Vpiuc/edit?gid=935355893
2012,1,Combinatory,0,https://docs.google.com/spreadsheets/d/1ELvXc5h1iMOv31KZ4m6UQQZq3J8g-nVhZNlTP9Vpiuc/edit?gid=935355893
2012,1,Graph Theory,5,https://docs.google.com/spreadsheets/d/1ELvXc5h1iMOv31KZ4m6UQQZq3J8g-nVhZNlTP9Vpiuc/edit?gid=935355893
2012,1,Digital Logic,5,https://docs.google.com/spreadsheets/d/1ELvXc5h1iMOv31KZ4m6UQQZq3J8g-nVhZNlTP9Vpiuc/edit?gid=935355893
2012,1,CO & Architecture,5,https://docs.google.com/spreadsheets/d/1ELvXc5h1iMOv31KZ4m6UQQZq3J8g-nVhZNlTP9Vpiuc/edit?gid=935355893
2012,1,Programming,7,https://docs.google.com/spreadsheets/d/1ELvXc5h1iMOv31KZ4m6UQQZq3J8g-nVhZNlTP9Vpiuc/edit?gid=935355893
2012,1,Data Structures,2,https://docs.google.com/spreadsheets/d/1ELvXc5h1iMOv31KZ4m6UQQZq3J8g-nVhZNlTP9Vpiuc/edit?gid=935355893
2012,1,Algorithms,12,https://docs.google.com/spreadsheets/d/1ELvXc5h1iMOv31KZ4m6UQQZq3J8g-nVhZNlTP9Vpiuc/edit?gid=935355893
2012,1,Theory of Computation,5,https://docs.google.com/spreadsheets/d/1ELvXc5h1iMOv31KZ4m6UQQZq3J8g-nVhZNlTP9Vpiuc/edit?gid=935355893
2012,1,Compiler Design,4,https://docs.google.com/spreadsheets/d/1ELvXc5h1iMOv31KZ4m6UQQZq3J8g-nVhZNlTP9Vpiuc/edit?gid=935355893
2012,1,Operating System,9,https://docs.google.com/spreadsheets/d/1ELvXc5h1iMOv31KZ4m6UQQZq3J8g-nVhZNlTP9Vpiuc/edit?gid=935355893
2012,1,Databases,11,https://docs.google.com/spreadsheets/d/1ELvXc5h1iMOv31KZ4m6UQQZq3J8g-nVhZNlTP9Vpiuc/edit?gid=935355893
2012,1,Computer Networks,9,https://docs.google.com/spreadsheets/d/1ELvXc5h1iMOv31KZ4m6UQQZq3J8g-nVhZNlTP9Vpiuc/edit?gid=935355893
2012,1,Quantitative Aptitude,9,https://docs.google.com/spreadsheets/d/1ELvXc5h1iMOv31KZ4m6UQQZq3J8g-nVhZNlTP9Vpiuc/edit?gid=935355893
2012,1,Verbal Aptitude,6,https://docs.google.com/spreadsheets/d/1ELvXc5h1iMOv31KZ4m6UQQZq3J8g-nVhZNlTP9Vpiuc/edit?gid=935355893
2012,1,IS & Software Engg.,0,https://docs.google.com/spreadsheets/d/1ELvXc5h1iMOv31KZ4m6UQQZq3J8g-nVhZNlTP9Vpiuc/edit?gid=935355893
2012,1,Web Technologies,0,https://docs.google.com/spreadsheets/d/1ELvXc5h1iMOv31KZ4m6UQQZq3J8g-nVhZNlTP9Vpiuc/edit?gid=935355893
2013,1,Probability,2,https://docs.google.com/spreadsheets/d/1ELvXc5h1iMOv31KZ4m6UQQZq3J8g-nVhZNlTP9Vpiuc/edit?gid=935355893
2013,1,Linear Algebra,1,https://docs.google.com/spreadsheets/d/1ELvXc5h1iMOv31KZ4m6UQQZq3J8g-nVhZNlTP9Vpiuc/edit?gid=935355893
2013,1,Calculus,1,https://docs.google.com/spreadsheets/d/1ELvXc5h1iMOv31KZ4m6UQQZq3J8g-nVhZNlTP9Vpiuc/edit?gid=935355893
2013,1,Numerical Methods,1,https://docs.google.com/spreadsheets/d/1ELvXc5h1iMOv31KZ4m6UQQZq3J8g-nVhZNlTP9Vpiuc/edit?gid=935355893
2013,1,Mathematical Logic,4,https://docs.google.com/spreadsheets/d/1ELvXc5h1iMOv31KZ4m6UQQZq3J8g-nVhZNlTP9Vpiuc/edit?gid=935355893
2013,1,Set Theory & Algebra,1,https://docs.google.com/spreadsheets/d/1ELvXc5h1iMOv31KZ4m6UQQZq3J8g-nVhZNlTP9Vpiuc/edit?gid=935355893
2013,1,Combinatory,0,https://docs.google.com/spreadsheets/d/1ELvXc5h1iMOv31KZ4m6UQQZq3J8g-nVhZNlTP9Vpiuc/edit?gid=935355893
2013,1,Graph Theory,3,https://docs.google.com/spreadsheets/d/1ELvXc5h1iMOv31KZ4m6UQQZq3J8g-nVhZNlTP9Vpiuc/edit?gid=935355893
2013,1,Digital Logic,5,https://docs.google.com/spreadsheets/d/1ELvXc5h1iMOv31KZ4m6UQQZq3J8g-nVhZNlTP9Vpiuc/edit?gid=935355893
2013,1,CO & Architecture,9,https://docs.google.com/spreadsheets/d/1ELvXc5h1iMOv31KZ4m6UQQZq3J8g-nVhZNlTP9Vpiuc/edit?gid=935355893
2013,1,Programming,2,https://docs.google.com/spreadsheets/d/1ELvXc5h1iMOv31KZ4m6UQQZq3J8g-nVhZNlTP9Vpiuc/edit?gid=935355893
2013,1,Data Structures,3,https://docs.google.com/spreadsheets/d/1ELvXc5h1iMOv31KZ4m6UQQZq3J8g-nVhZNlTP9Vpiuc/edit?gid=935355893
2013,1,Algorithms,13,https://docs.google.com/spreadsheets/d/1ELvXc5h1iMOv31KZ4m6UQQZq3J8g-nVhZNlTP9Vpiuc/edit?gid=935355893
2013,1,Theory of Computation,8,https://docs.google.com/spreadsheets/d/1ELvXc5h1iMOv31KZ4m6UQQZq3J8g-nVhZNlTP9Vpiuc/edit?gid=935355893
2013,1,Compiler Design,3,https://docs.google.com/spreadsheets/d/1ELvXc5h1iMOv31KZ4m6UQQZq3J8g-nVhZNlTP9Vpiuc/edit?gid=935355893
2013,1,Operating System,12,https://docs.google.com/spreadsheets/d/1ELvXc5h1iMOv31KZ4m6UQQZq3J8g-nVhZNlTP9Vpiuc/edit?gid=935355893
2013,1,Databases,7,https://docs.google.com/spreadsheets/d/1ELvXc5h1iMOv31KZ4m6UQQZq3J8g-nVhZNlTP9Vpiuc/edit?gid=935355893
2013,1,Computer Networks,7,https://docs.google.com/spreadsheets/d/1ELvXc5h1iMOv31KZ4m6UQQZq3J8g-nVhZNlTP9Vpiuc/edit?gid=935355893
2013,1,Quantitative Aptitude,9,https://docs.google.com/spreadsheets/d/1ELvXc5h1iMOv31KZ4m6UQQZq3J8g-nVhZNlTP9Vpiuc/edit?gid=935355893
2013,1,Verbal Aptitude,6,https://docs.google.com/spreadsheets/d/1ELvXc5h1iMOv31KZ4m6UQQZq3J8g-nVhZNlTP9Vpiuc/edit?gid=935355893
2013,1,IS & Software Engg.,3,https://docs.google.com/spreadsheets/d/1ELvXc5h1iMOv31KZ4m6UQQZq3J8g-nVhZNlTP9Vpiuc/edit?gid=935355893
2013,1,Web Technologies,0,https://docs.google.com/spreadsheets/d/1ELvXc5h1iMOv31KZ4m6UQQZq3J8g-nVhZNlTP9Vpiuc/edit?gid=935355893
2014,1,Probability,3,https://docs.google.com/spreadsheets/d/1ELvXc5h1iMOv31KZ4m6UQQZq3J8g-nVhZNlTP9Vpiuc/edit?gid=935355893
2014,1,Linear Algebra,2,https://docs.google.com/spreadsheets/d/1ELvXc5h1iMOv31KZ4m6UQQZq3J8g-nVhZNlTP9Vpiuc/edit?gid=935355893
2014,1,Calculus,5,https://docs.google.com/spreadsheets/d/1ELvXc5h1iMOv31KZ4m6UQQZq3J8g-nVhZNlTP9Vpiuc/edit?gid=935355893
2014,1,Numerical Methods,0,https://docs.google.com/spreadsheets/d/1ELvXc5h1iMOv31KZ4m6UQQZq3J8g-nVhZNlTP9Vpiuc/edit?gid=935355893
2014,1,Mathematical Logic,3,https://docs.google.com/spreadsheets/d/1ELvXc5h1iMOv31KZ4m6UQQZq3J8g-nVhZNlTP9Vpiuc/edit?gid=935355893
2014,1,Set Theory & Algebra,2,https://docs.google.com/spreadsheets/d/1ELvXc5h1iMOv31KZ4m6UQQZq3J8g-nVhZNlTP9Vpiuc/edit?gid=935355893
2014,1,Combinatory,2,https://docs.google.com/spreadsheets/d/1ELvXc5h1iMOv31KZ4m6UQQZq3J8g-nVhZNlTP9Vpiuc/edit?gid=935355893
2014,1,Graph Theory,5,https://docs.google.com/spreadsheets/d/1ELvXc5h1iMOv31KZ4m6UQQZq3J8g-nVhZNlTP9Vpiuc/edit?gid=935355893
2014,1,Digital Logic,4,https://docs.google.com/spreadsheets/d/1ELvXc5h1iMOv31KZ4m6UQQZq3J8g-nVhZNlTP9Vpiuc/edit?gid=935355893
2014,1,CO & Architecture,7,https://docs.google.com/spreadsheets/d/1ELvXc5h1iMOv31KZ4m6UQQZq3J8g-nVhZNlTP9Vpiuc/edit?gid=935355893
2014,1,Programming,1,https://docs.google.com/spreadsheets/d/1ELvXc5h1iMOv31KZ4m6UQQZq3J8g-nVhZNlTP9Vpiuc/edit?gid=935355893
2014,1,Data Structures,3,https://docs.google.com/spreadsheets/d/1ELvXc5h1iMOv31KZ4m6UQQZq3J8g-nVhZNlTP9Vpiuc/edit?gid=935355893
2014,1,Algorithms,13,https://docs.google.com/spreadsheets/d/1ELvXc5h1iMOv31KZ4m6UQQZq3J8g-nVhZNlTP9Vpiuc/edit?gid=935355893
2014,1,Theory of Computation,6,https://docs.google.com/spreadsheets/d/1ELvXc5h1iMOv31KZ4m6UQQZq3J8g-nVhZNlTP9Vpiuc/edit?gid=935355893
2014,1,Compiler Design,3,https://docs.google.com/spreadsheets/d/1ELvXc5h1iMOv31KZ4m6UQQZq3J8g-nVhZNlTP9Vpiuc/edit?gid=935355893
2014,1,Operating System,8,https://docs.google.com/spreadsheets/d/1ELvXc5h1iMOv31KZ4m6UQQZq3J8g-nVhZNlTP9Vpiuc/edit?gid=935355893
2014,1,Databases,8,https://docs.google.com/spreadsheets/d/1ELvXc5h1iMOv31KZ4m6UQQZq3J8g-nVhZNlTP9Vpiuc/edit?gid=935355893
2014,1,Computer Networks,8,https://docs.google.com/spreadsheets/d/1ELvXc5h1iMOv31KZ4m6UQQZq3J8g-nVhZNlTP9Vpiuc/edit?gid=935355893
2014,1,Quantitative Aptitude,8,https://docs.google.com/spreadsheets/d/1ELvXc5h1iMOv31KZ4m6UQQZq3J8g-nVhZNlTP9Vpiuc/edit?gid=935355893
2014,1,Verbal Aptitude,7,https://docs.google.com/spreadsheets/d/1ELvXc5h1iMOv31KZ4m6UQQZq3J8g-nVhZNlTP9Vpiuc/edit?gid=935355893
2014,1,IS & Software Engg.,1,https://docs.google.com/spreadsheets/d/1ELvXc5h1iMOv31KZ4m6UQQZq3J8g-nVhZNlTP9Vpiuc/edit?gid=935355893
2014,1,Web Technologies,1,https://docs.google.com/spreadsheets/d/1ELvXc5h1iMOv31KZ4m6UQQZq3J8g-nVhZNlTP9Vpiuc/edit?gid=935355893
2014,2,Probability,4,https://docs.google.com/spreadsheets/d/1ELvXc5h1iMOv31KZ4m6UQQZq3J8g-nVhZNlTP9Vpiuc/edit?gid=935355893
2014,2,Linear Algebra,3,https://docs.google.com/spreadsheets/d/1ELvXc5h1iMOv31KZ4m6UQQZq3J8g-nVhZNlTP9Vpiuc/edit?gid=935355893
2014,2,Calculus,0,https://docs.google.com/spreadsheets/d/1ELvXc5h1iMOv31KZ4m6UQQZq3J8g-nVhZNlTP9Vpiuc/edit?gid=935355893
2014,2,Numerical Methods,2,https://docs.google.com/spreadsheets/d/1ELvXc5h1iMOv31KZ4m6UQQZq3J8g-nVhZNlTP9Vpiuc/edit?gid=935355893
2014,2,Mathematical Logic,0,https://docs.google.com/spreadsheets/d/1ELvXc5h1iMOv31KZ4m6UQQZq3J8g-nVhZNlTP9Vpiuc/edit?gid=935355893
2014,2,Set Theory & Algebra,3,https://docs.google.com/spreadsheets/d/1ELvXc5h1iMOv31KZ4m6UQQZq3J8g-nVhZNlTP9Vpiuc/edit?gid=935355893
2014,2,Combinatory,2,https://docs.google.com/spreadsheets/d/1ELvXc5h1iMOv31KZ4m6UQQZq3J8g-nVhZNlTP9Vpiuc/edit?gid=935355893
2014,2,Graph Theory,3,https://docs.google.com/spreadsheets/d/1ELvXc5h1iMOv31KZ4m6UQQZq3J8g-nVhZNlTP9Vpiuc/edit?gid=935355893
2014,2,Digital Logic,7,https://docs.google.com/spreadsheets/d/1ELvXc5h1iMOv31KZ4m6UQQZq3J8g-nVhZNlTP9Vpiuc/edit?gid=935355893
2014,2,CO & Architecture,5,https://docs.google.com/spreadsheets/d/1ELvXc5h1iMOv31KZ4m6UQQZq3J8g-nVhZNlTP9Vpiuc/edit?gid=935355893
2014,2,Programming,3,https://docs.google.com/spreadsheets/d/1ELvXc5h1iMOv31KZ4m6UQQZq3J8g-nVhZNlTP9Vpiuc/edit?gid=935355893
2014,2,Data Structures,3,https://docs.google.com/spreadsheets/d/1ELvXc5h1iMOv31KZ4m6UQQZq3J8g-nVhZNlTP9Vpiuc/edit?gid=935355893
2014,2,Algorithms,11,https://docs.google.com/spreadsheets/d/1ELvXc5h1iMOv31KZ4m6UQQZq3J8g-nVhZNlTP9Vpiuc/edit?gid=935355893
2014,2,Theory of Computation,6,https://docs.google.com/spreadsheets/d/1ELvXc5h1iMOv31KZ4m6UQQZq3J8g-nVhZNlTP9Vpiuc/edit?gid=935355893
2014,2,Compiler Design,6,https://docs.google.com/spreadsheets/d/1ELvXc5h1iMOv31KZ4m6UQQZq3J8g-nVhZNlTP9Vpiuc/edit?gid=935355893
2014,2,Operating System,9,https://docs.google.com/spreadsheets/d/1ELvXc5h1iMOv31KZ4m6UQQZq3J8g-nVhZNlTP9Vpiuc/edit?gid=935355893
2014,2,Databases,8,https://docs.google.com/spreadsheets/d/1ELvXc5h1iMOv31KZ4m6UQQZq3J8g-nVhZNlTP9Vpiuc/edit?gid=935355893
2014,2,Computer Networks,7,https://docs.google.com/spreadsheets/d/1ELvXc5h1iMOv31KZ4m6UQQZq3J8g-nVhZNlTP9Vpiuc/edit?gid=935355893
2014,2,Quantitative Aptitude,8,https://docs.google.com/spreadsheets/d/1ELvXc5h1iMOv31KZ4m6UQQZq3J8g-nVhZNlTP9Vpiuc/edit?gid=935355893
2014,2,Verbal Aptitude,7,https://docs.google.com/spreadsheets/d/1ELvXc5h1iMOv31KZ4m6UQQZq3J8g-nVhZNlTP9Vpiuc/edit?gid=935355893
2014,2,IS & Software Engg.,1,https://docs.google.com/spreadsheets/d/1ELvXc5h1iMOv31KZ4m6UQQZq3J8g-nVhZNlTP9Vpiuc/edit?gid=935355893
2014,2,Web Technologies,2,https://docs.google.com/spreadsheets/d/1ELvXc5h1iMOv31KZ4m6UQQZq3J8g-nVhZNlTP9Vpiuc/edit?gid=935355893
2014,3,Probability,2,https://docs.google.com/spreadsheets/d/1ELvXc5h1iMOv31KZ4m6UQQZq3J8g-nVhZNlTP9Vpiuc/edit?gid=935355893
2014,3,Linear Algebra,2,https://docs.google.com/spreadsheets/d/1ELvXc5h1iMOv31KZ4m6UQQZq3J8g-nVhZNlTP9Vpiuc/edit?gid=935355893
2014,3,Calculus,3,https://docs.google.com/spreadsheets/d/1ELvXc5h1iMOv31KZ4m6UQQZq3J8g-nVhZNlTP9Vpiuc/edit?gid=935355893
2014,3,Numerical Methods,2,https://docs.google.com/spreadsheets/d/1ELvXc5h1iMOv31KZ4m6UQQZq3J8g-nVhZNlTP9Vpiuc/edit?gid=935355893
2014,3,Mathematical Logic,3,https://docs.google.com/spreadsheets/d/1ELvXc5h1iMOv31KZ4m6UQQZq3J8g-nVhZNlTP9Vpiuc/edit?gid=935355893
2014,3,Set Theory & Algebra,6,https://docs.google.com/spreadsheets/d/1ELvXc5h1iMOv31KZ4m6UQQZq3J8g-nVhZNlTP9Vpiuc/edit?gid=935355893
2014,3,Combinatory,0,https://docs.google.com/spreadsheets/d/1ELvXc5h1iMOv31KZ4m6UQQZq3J8g-nVhZNlTP9Vpiuc/edit?gid=935355893
2014,3,Graph Theory,5,https://docs.google.com/spreadsheets/d/1ELvXc5h1iMOv31KZ4m6UQQZq3J8g-nVhZNlTP9Vpiuc/edit?gid=935355893
2014,3,Digital Logic,6,https://docs.google.com/spreadsheets/d/1ELvXc5h1iMOv31KZ4m6UQQZq3J8g-nVhZNlTP9Vpiuc/edit?gid=935355893
2014,3,CO & Architecture,5,https://docs.google.com/spreadsheets/d/1ELvXc5h1iMOv31KZ4m6UQQZq3J8g-nVhZNlTP9Vpiuc/edit?gid=935355893
2014,3,Programming,0,https://docs.google.com/spreadsheets/d/1ELvXc5h1iMOv31KZ4m6UQQZq3J8g-nVhZNlTP9Vpiuc/edit?gid=935355893
2014,3,Data Structures,4,https://docs.google.com/spreadsheets/d/1ELvXc5h1iMOv31KZ4m6UQQZq3J8g-nVhZNlTP9Vpiuc/edit?gid=935355893
2014,3,Algorithms,12,https://docs.google.com/spreadsheets/d/1ELvXc5h1iMOv31KZ4m6UQQZq3J8g-nVhZNlTP9Vpiuc/edit?gid=935355893
2014,3,Theory of Computation,5,https://docs.google.com/spreadsheets/d/1ELvXc5h1iMOv31KZ4m6UQQZq3J8g-nVhZNlTP9Vpiuc/edit?gid=935355893
2014,3,Compiler Design,5,https://docs.google.com/spreadsheets/d/1ELvXc5h1iMOv31KZ4m6UQQZq3J8g-nVhZNlTP9Vpiuc/edit?gid=935355893
2014,3,Operating System,7,https://docs.google.com/spreadsheets/d/1ELvXc5h1iMOv31KZ4m6UQQZq3J8g-nVhZNlTP9Vpiuc/edit?gid=935355893
2014,3,Databases,8,https://docs.google.com/spreadsheets/d/1ELvXc5h1iMOv31KZ4m6UQQZq3J8g-nVhZNlTP9Vpiuc/edit?gid=935355893
2014,3,Computer Networks,9,https://docs.google.com/spreadsheets/d/1ELvXc5h1iMOv31KZ4m6UQQZq3J8g-nVhZNlTP9Vpiuc/edit?gid=935355893
2014,3,Quantitative Aptitude,8,https://docs.google.com/spreadsheets/d/1ELvXc5h1iMOv31KZ4m6UQQZq3J8g-nVhZNlTP9Vpiuc/edit?gid=935355893
2014,3,Verbal Aptitude,7,https://docs.google.com/spreadsheets/d/1ELvXc5h1iMOv31KZ4m6UQQZq3J8g-nVhZNlTP9Vpiuc/edit?gid=935355893
2014,3,IS & Software Engg.,1,https://docs.google.com/spreadsheets/d/1ELvXc5h1iMOv31KZ4m6UQQZq3J8g-nVhZNlTP9Vpiuc/edit?gid=935355893
2014,3,Web Technologies,0,https://docs.google.com/spreadsheets/d/1ELvXc5h1iMOv31KZ4m6UQQZq3J8g-nVhZNlTP9Vpiuc/edit?gid=935355893
2015,1,Probability,2,https://docs.google.com/spreadsheets/d/1ELvXc5h1iMOv31KZ4m6UQQZq3J8g-nVhZNlTP9Vpiuc/edit?gid=935355893
2015,1,Linear Algebra,3,https://docs.google.com/spreadsheets/d/1ELvXc5h1iMOv31KZ4m6UQQZq3J8g-nVhZNlTP9Vpiuc/edit?gid=935355893
2015,1,Calculus,3,https://docs.google.com/spreadsheets/d/1ELvXc5h1iMOv31KZ4m6UQQZq3J8g-nVhZNlTP9Vpiuc/edit?gid=935355893
2015,1,Numerical Methods,0,https://docs.google.com/spreadsheets/d/1ELvXc5h1iMOv31KZ4m6UQQZq3J8g-nVhZNlTP9Vpiuc/edit?gid=935355893
2015,1,Mathematical Logic,1,https://docs.google.com/spreadsheets/d/1ELvXc5h1iMOv31KZ4m6UQQZq3J8g-nVhZNlTP9Vpiuc/edit?gid=935355893
2015,1,Set Theory & Algebra,10,https://docs.google.com/spreadsheets/d/1ELvXc5h1iMOv31KZ4m6UQQZq3J8g-nVhZNlTP9Vpiuc/edit?gid=935355893
2015,1,Combinatory,0,https://docs.google.com/spreadsheets/d/1ELvXc5h1iMOv31KZ4m6UQQZq3J8g-nVhZNlTP9Vpiuc/edit?gid=935355893
2015,1,Graph Theory,2,https://docs.google.com/spreadsheets/d/1ELvXc5h1iMOv31KZ4m6UQQZq3J8g-nVhZNlTP9Vpiuc/edit?gid=935355893
2015,1,Digital Logic,3,https://docs.google.com/spreadsheets/d/1ELvXc5h1iMOv31KZ4m6UQQZq3J8g-nVhZNlTP9Vpiuc/edit?gid=935355893
2015,1,CO & Architecture,2,https://docs.google.com/spreadsheets/d/1ELvXc5h1iMOv31KZ4m6UQQZq3J8g-nVhZNlTP9Vpiuc/edit?gid=935355893
2015,1,Programming,5,https://docs.google.com/spreadsheets/d/1ELvXc5h1iMOv31KZ4m6UQQZq3J8g-nVhZNlTP9Vpiuc/edit?gid=935355893
2015,1,Data Structures,7,https://docs.google.com/spreadsheets/d/1ELvXc5h1iMOv31KZ4m6UQQZq3J8g-nVhZNlTP9Vpiuc/edit?gid=935355893
2015,1,Algorithms,10,https://docs.google.com/spreadsheets/d/1ELvXc5h1iMOv31KZ4m6UQQZq3J8g-nVhZNlTP9Vpiuc/edit?gid=935355893
2015,1,Theory of Computation,5,https://docs.google.com/spreadsheets/d/1ELvXc5h1iMOv31KZ4m6UQQZq3J8g-nVhZNlTP9Vpiuc/edit?gid=935355893
2015,1,Compiler Design,6,https://docs.google.com/spreadsheets/d/1ELvXc5h1iMOv31KZ4m6UQQZq3J8g-nVhZNlTP9Vpiuc/edit?gid=935355893
2015,1,Operating System,10,https://docs.google.com/spreadsheets/d/1ELvXc5h1iMOv31KZ4m6UQQZq3J8g-nVhZNlTP9Vpiuc/edit?gid=935355893
2015,1,Databases,6,https://docs.google.com/spreadsheets/d/1ELvXc5h1iMOv31KZ4m6UQQZq3J8g-nVhZNlTP9Vpiuc/edit?gid=935355893
2015,1,Computer Networks,6,https://docs.google.com/spreadsheets/d/1ELvXc5h1iMOv31KZ4m6UQQZq3J8g-nVhZNlTP9Vpiuc/edit?gid=935355893
2015,1,Quantitative Aptitude,8,https://docs.google.com/spreadsheets/d/1ELvXc5h1iMOv31KZ4m6UQQZq3J8g-nVhZNlTP9Vpiuc/edit?gid=935355893
2015,1,Verbal Aptitude,7,https://docs.google.com/spreadsheets/d/1ELvXc5h1iMOv31KZ4m6UQQZq3J8g-nVhZNlTP9Vpiuc/edit?gid=935355893
2015,1,IS & Software Engg.,3,https://docs.google.com/spreadsheets/d/1ELvXc5h1iMOv31KZ4m6UQQZq3J8g-nVhZNlTP9Vpiuc/edit?gid=935355893
2015,1,Web Technologies,1,https://docs.google.com/spreadsheets/d/1ELvXc5h1iMOv31KZ4m6UQQZq3J8g-nVhZNlTP9Vpiuc/edit?gid=935355893
2015,2,Probability,0,https://docs.google.com/spreadsheets/d/1ELvXc5h1iMOv31KZ4m6UQQZq3J8g-nVhZNlTP9Vpiuc/edit?gid=935355893
2015,2,Linear Algebra,3,https://docs.google.com/spreadsheets/d/1ELvXc5h1iMOv31KZ4m6UQQZq3J8g-nVhZNlTP9Vpiuc/edit?gid=935355893
2015,2,Calculus,0,https://docs.google.com/spreadsheets/d/1ELvXc5h1iMOv31KZ4m6UQQZq3J8g-nVhZNlTP9Vpiuc/edit?gid=935355893
2015,2,Numerical Methods,2,https://docs.google.com/spreadsheets/d/1ELvXc5h1iMOv31KZ4m6UQQZq3J8g-nVhZNlTP9Vpiuc/edit?gid=935355893
2015,2,Mathematical Logic,3,https://docs.google.com/spreadsheets/d/1ELvXc5h1iMOv31KZ4m6UQQZq3J8g-nVhZNlTP9Vpiuc/edit?gid=935355893
2015,2,Set Theory & Algebra,9,https://docs.google.com/spreadsheets/d/1ELvXc5h1iMOv31KZ4m6UQQZq3J8g-nVhZNlTP9Vpiuc/edit?gid=935355893
2015,2,Combinatory,0,https://docs.google.com/spreadsheets/d/1ELvXc5h1iMOv31KZ4m6UQQZq3J8g-nVhZNlTP9Vpiuc/edit?gid=935355893
2015,2,Graph Theory,4,https://docs.google.com/spreadsheets/d/1ELvXc5h1iMOv31KZ4m6UQQZq3J8g-nVhZNlTP9Vpiuc/edit?gid=935355893
2015,2,Digital Logic,5,https://docs.google.com/spreadsheets/d/1ELvXc5h1iMOv31KZ4m6UQQZq3J8g-nVhZNlTP9Vpiuc/edit?gid=935355893
2015,2,CO & Architecture,5,https://docs.google.com/spreadsheets/d/1ELvXc5h1iMOv31KZ4m6UQQZq3J8g-nVhZNlTP9Vpiuc/edit?gid=935355893
2015,2,Programming,1,https://docs.google.com/spreadsheets/d/1ELvXc5h1iMOv31KZ4m6UQQZq3J8g-nVhZNlTP9Vpiuc/edit?gid=935355893
2015,2,Data Structures,6,https://docs.google.com/spreadsheets/d/1ELvXc5h1iMOv31KZ4m6UQQZq3J8g-nVhZNlTP9Vpiuc/edit?gid=935355893
2015,2,Algorithms,9,https://docs.google.com/spreadsheets/d/1ELvXc5h1iMOv31KZ4m6UQQZq3J8g-nVhZNlTP9Vpiuc/edit?gid=935355893
2015,2,Theory of Computation,7,https://docs.google.com/spreadsheets/d/1ELvXc5h1iMOv31KZ4m6UQQZq3J8g-nVhZNlTP9Vpiuc/edit?gid=935355893
2015,2,Compiler Design,4,https://docs.google.com/spreadsheets/d/1ELvXc5h1iMOv31KZ4m6UQQZq3J8g-nVhZNlTP9Vpiuc/edit?gid=935355893
2015,2,Operating System,8,https://docs.google.com/spreadsheets/d/1ELvXc5h1iMOv31KZ4m6UQQZq3J8g-nVhZNlTP9Vpiuc/edit?gid=935355893
2015,2,Databases,6,https://docs.google.com/spreadsheets/d/1ELvXc5h1iMOv31KZ4m6UQQZq3J8g-nVhZNlTP9Vpiuc/edit?gid=935355893
2015,2,Computer Networks,8,https://docs.google.com/spreadsheets/d/1ELvXc5h1iMOv31KZ4m6UQQZq3J8g-nVhZNlTP9Vpiuc/edit?gid=935355893
2015,2,Quantitative Aptitude,10,https://docs.google.com/spreadsheets/d/1ELvXc5h1iMOv31KZ4m6UQQZq3J8g-nVhZNlTP9Vpiuc/edit?gid=935355893
2015,2,Verbal Aptitude,5,https://docs.google.com/spreadsheets/d/1ELvXc5h1iMOv31KZ4m6UQQZq3J8g-nVhZNlTP9Vpiuc/edit?gid=935355893
2015,2,IS & Software Engg.,4,https://docs.google.com/spreadsheets/d/1ELvXc5h1iMOv31KZ4m6UQQZq3J8g-nVhZNlTP9Vpiuc/edit?gid=935355893
2015,2,Web Technologies,1,https://docs.google.com/spreadsheets/d/1ELvXc5h1iMOv31KZ4m6UQQZq3J8g-nVhZNlTP9Vpiuc/edit?gid=935355893
2015,3,Probability,2,https://docs.google.com/spreadsheets/d/1ELvXc5h1iMOv31KZ4m6UQQZq3J8g-nVhZNlTP9Vpiuc/edit?gid=935355893
2015,3,Linear Algebra,3,https://docs.google.com/spreadsheets/d/1ELvXc5h1iMOv31KZ4m6UQQZq3J8g-nVhZNlTP9Vpiuc/edit?gid=935355893
2015,3,Calculus,3,https://docs.google.com/spreadsheets/d/1ELvXc5h1iMOv31KZ4m6UQQZq3J8g-nVhZNlTP9Vpiuc/edit?gid=935355893
2015,3,Numerical Methods,2,https://docs.google.com/spreadsheets/d/1ELvXc5h1iMOv31KZ4m6UQQZq3J8g-nVhZNlTP9Vpiuc/edit?gid=935355893
2015,3,Mathematical Logic,1,https://docs.google.com/spreadsheets/d/1ELvXc5h1iMOv31KZ4m6UQQZq3J8g-nVhZNlTP9Vpiuc/edit?gid=935355893
2015,3,Set Theory & Algebra,5,https://docs.google.com/spreadsheets/d/1ELvXc5h1iMOv31KZ4m6UQQZq3J8g-nVhZNlTP9Vpiuc/edit?gid=935355893
2015,3,Combinatory,0,https://docs.google.com/spreadsheets/d/1ELvXc5h1iMOv31KZ4m6UQQZq3J8g-nVhZNlTP9Vpiuc/edit?gid=935355893
2015,3,Graph Theory,0,https://docs.google.com/spreadsheets/d/1ELvXc5h1iMOv31KZ4m6UQQZq3J8g-nVhZNlTP9Vpiuc/edit?gid=935355893
2015,3,Digital Logic,6,https://docs.google.com/spreadsheets/d/1ELvXc5h1iMOv31KZ4m6UQQZq3J8g-nVhZNlTP9Vpiuc/edit?gid=935355893
2015,3,CO & Architecture,5,https://docs.google.com/spreadsheets/d/1ELvXc5h1iMOv31KZ4m6UQQZq3J8g-nVhZNlTP9Vpiuc/edit?gid=935355893
2015,3,Programming,7,https://docs.google.com/spreadsheets/d/1ELvXc5h1iMOv31KZ4m6UQQZq3J8g-nVhZNlTP9Vpiuc/edit?gid=935355893
2015,3,Data Structures,5,https://docs.google.com/spreadsheets/d/1ELvXc5h1iMOv31KZ4m6UQQZq3J8g-nVhZNlTP9Vpiuc/edit?gid=935355893
2015,3,Algorithms,15,https://docs.google.com/spreadsheets/d/1ELvXc5h1iMOv31KZ4m6UQQZq3J8g-nVhZNlTP9Vpiuc/edit?gid=935355893
2015,3,Theory of Computation,3,https://docs.google.com/spreadsheets/d/1ELvXc5h1iMOv31KZ4m6UQQZq3J8g-nVhZNlTP9Vpiuc/edit?gid=935355893
2015,3,Compiler Design,3,https://docs.google.com/spreadsheets/d/1ELvXc5h1iMOv31KZ4m6UQQZq3J8g-nVhZNlTP9Vpiuc/edit?gid=935355893
2015,3,Operating System,6,https://docs.google.com/spreadsheets/d/1ELvXc5h1iMOv31KZ4m6UQQZq3J8g-nVhZNlTP9Vpiuc/edit?gid=935355893
2015,3,Databases,6,https://docs.google.com/spreadsheets/d/1ELvXc5h1iMOv31KZ4m6UQQZq3J8g-nVhZNlTP9Vpiuc/edit?gid=935355893
2015,3,Computer Networks,8,https://docs.google.com/spreadsheets/d/1ELvXc5h1iMOv31KZ4m6UQQZq3J8g-nVhZNlTP9Vpiuc/edit?gid=935355893
2015,3,Quantitative Aptitude,6,https://docs.google.com/spreadsheets/d/1ELvXc5h1iMOv31KZ4m6UQQZq3J8g-nVhZNlTP9Vpiuc/edit?gid=935355893
2015,3,Verbal Aptitude,9,https://docs.google.com/spreadsheets/d/1ELvXc5h1iMOv31KZ4m6UQQZq3J8g-nVhZNlTP9Vpiuc/edit?gid=935355893
2015,3,IS & Software Engg.,4,https://docs.google.com/spreadsheets/d/1ELvXc5h1iMOv31KZ4m6UQQZq3J8g-nVhZNlTP9Vpiuc/edit?gid=935355893
2015,3,Web Technologies,1,https://docs.google.com/spreadsheets/d/1ELvXc5h1iMOv31KZ4m6UQQZq3J8g-nVhZNlTP9Vpiuc/edit?gid=935355893
2016,1,Probability,3,https://docs.google.com/spreadsheets/d/1ELvXc5h1iMOv31KZ4m6UQQZq3J8g-nVhZNlTP9Vpiuc/edit?gid=935355893
2016,1,Linear Algebra,1,https://docs.google.com/spreadsheets/d/1ELvXc5h1iMOv31KZ4m6UQQZq3J8g-nVhZNlTP9Vpiuc/edit?gid=935355893
2016,1,Calculus,1,https://docs.google.com/spreadsheets/d/1ELvXc5h1iMOv31KZ4m6UQQZq3J8g-nVhZNlTP9Vpiuc/edit?gid=935355893
2016,1,Mathematical Logic,1,https://docs.google.com/spreadsheets/d/1ELvXc5h1iMOv31KZ4m6UQQZq3J8g-nVhZNlTP9Vpiuc/edit?gid=935355893
2016,1,Set Theory & Algebra,2,https://docs.google.com/spreadsheets/d/1ELvXc5h1iMOv31KZ4m6UQQZq3J8g-nVhZNlTP9Vpiuc/edit?gid=935355893
2016,1,Combinatory,5,https://docs.google.com/spreadsheets/d/1ELvXc5h1iMOv31KZ4m6UQQZq3J8g-nVhZNlTP9Vpiuc/edit?gid=935355893
2016,1,Graph Theory,0,https://docs.google.com/spreadsheets/d/1ELvXc5h1iMOv31KZ4m6UQQZq3J8g-nVhZNlTP9Vpiuc/edit?gid=935355893
2016,1,Digital Logic,7,https://docs.google.com/spreadsheets/d/1ELvXc5h1iMOv31KZ4m6UQQZq3J8g-nVhZNlTP9Vpiuc/edit?gid=935355893
2016,1,CO & Architecture,5,https://docs.google.com/spreadsheets/d/1ELvXc5h1iMOv31KZ4m6UQQZq3J8g-nVhZNlTP9Vpiuc/edit?gid=935355893
2016,1,Programming,6,https://docs.google.com/spreadsheets/d/1ELvXc5h1iMOv31KZ4m6UQQZq3J8g-nVhZNlTP9Vpiuc/edit?gid=935355893
2016,1,Data Structures,7,https://docs.google.com/spreadsheets/d/1ELvXc5h1iMOv31KZ4m6UQQZq3J8g-nVhZNlTP9Vpiuc/edit?gid=935355893
2016,1,Algorithms,7,https://docs.google.com/spreadsheets/d/1ELvXc5h1iMOv31KZ4m6UQQZq3J8g-nVhZNlTP9Vpiuc/edit?gid=935355893
2016,1,Theory of Computation,9,https://docs.google.com/spreadsheets/d/1ELvXc5h1iMOv31KZ4m6UQQZq3J8g-nVhZNlTP9Vpiuc/edit?gid=935355893
2016,1,Compiler Design,7,https://docs.google.com/spreadsheets/d/1ELvXc5h1iMOv31KZ4m6UQQZq3J8g-nVhZNlTP9Vpiuc/edit?gid=935355893
2016,1,Operating System,9,https://docs.google.com/spreadsheets/d/1ELvXc5h1iMOv31KZ4m6UQQZq3J8g-nVhZNlTP9Vpiuc/edit?gid=935355893
2016,1,Databases,5,https://docs.google.com/spreadsheets/d/1ELvXc5h1iMOv31KZ4m6UQQZq3J8g-nVhZNlTP9Vpiuc/edit?gid=935355893
2016,1,Computer Networks,10,https://docs.google.com/spreadsheets/d/1ELvXc5h1iMOv31KZ4m6UQQZq3J8g-nVhZNlTP9Vpiuc/edit?gid=935355893
2016,1,Quantitative Aptitude,7,https://docs.google.com/spreadsheets/d/1ELvXc5h1iMOv31KZ4m6UQQZq3J8g-nVhZNlTP9Vpiuc/edit?gid=935355893
2016,1,Verbal Aptitude,8,https://docs.google.com/spreadsheets/d/1ELvXc5h1iMOv31KZ4m6UQQZq3J8g-nVhZNlTP9Vpiuc/edit?gid=935355893
2016,1,IS & Software Engg.,0,https://docs.google.com/spreadsheets/d/1ELvXc5h1iMOv31KZ4m6UQQZq3J8g-nVhZNlTP9Vpiuc/edit?gid=935355893
2016,1,Web Technologies,0,https://docs.google.com/spreadsheets/d/1ELvXc5h1iMOv31KZ4m6UQQZq3J8g-nVhZNlTP9Vpiuc/edit?gid=935355893
2016,2,Probability,1,https://docs.google.com/spreadsheets/d/1ELvXc5h1iMOv31KZ4m6UQQZq3J8g-nVhZNlTP9Vpiuc/edit?gid=935355893
2016,2,Linear Algebra,2,https://docs.google.com/spreadsheets/d/1ELvXc5h1iMOv31KZ4m6UQQZq3J8g-nVhZNlTP9Vpiuc/edit?gid=935355893
2016,2,Calculus,1,https://docs.google.com/spreadsheets/d/1ELvXc5h1iMOv31KZ4m6UQQZq3J8g-nVhZNlTP9Vpiuc/edit?gid=935355893
2016,2,Mathematical Logic,3,https://docs.google.com/spreadsheets/d/1ELvXc5h1iMOv31KZ4m6UQQZq3J8g-nVhZNlTP9Vpiuc/edit?gid=935355893
2016,2,Set Theory & Algebra,4,https://docs.google.com/spreadsheets/d/1ELvXc5h1iMOv31KZ4m6UQQZq3J8g-nVhZNlTP9Vpiuc/edit?gid=935355893
2016,2,Combinatory,2,https://docs.google.com/spreadsheets/d/1ELvXc5h1iMOv31KZ4m6UQQZq3J8g-nVhZNlTP9Vpiuc/edit?gid=935355893
2016,2,Graph Theory,1,https://docs.google.com/spreadsheets/d/1ELvXc5h1iMOv31KZ4m6UQQZq3J8g-nVhZNlTP9Vpiuc/edit?gid=935355893
2016,2,Digital Logic,3,https://docs.google.com/spreadsheets/d/1ELvXc5h1iMOv31KZ4m6UQQZq3J8g-nVhZNlTP9Vpiuc/edit?gid=935355893
2016,2,CO & Architecture,11,https://docs.google.com/spreadsheets/d/1ELvXc5h1iMOv31KZ4m6UQQZq3J8g-nVhZNlTP9Vpiuc/edit?gid=935355893
2016,2,Programming,5,https://docs.google.com/spreadsheets/d/1ELvXc5h1iMOv31KZ4m6UQQZq3J8g-nVhZNlTP9Vpiuc/edit?gid=935355893
2016,2,Data Structures,7,https://docs.google.com/spreadsheets/d/1ELvXc5h1iMOv31KZ4m6UQQZq3J8g-nVhZNlTP9Vpiuc/edit?gid=935355893
2016,2,Algorithms,9,https://docs.google.com/spreadsheets/d/1ELvXc5h1iMOv31KZ4m6UQQZq3J8g-nVhZNlTP9Vpiuc/edit?gid=935355893
2016,2,Theory of Computation,9,https://docs.google.com/spreadsheets/d/1ELvXc5h1iMOv31KZ4m6UQQZq3J8g-nVhZNlTP9Vpiuc/edit?gid=935355893
2016,2,Compiler Design,5,https://docs.google.com/spreadsheets/d/1ELvXc5h1iMOv31KZ4m6UQQZq3J8g-nVhZNlTP9Vpiuc/edit?gid=935355893
2016,2,Operating System,7,https://docs.google.com/spreadsheets/d/1ELvXc5h1iMOv31KZ4m6UQQZq3J8g-nVhZNlTP9Vpiuc/edit?gid=935355893
2016,2,Databases,6,https://docs.google.com/spreadsheets/d/1ELvXc5h1iMOv31KZ4m6UQQZq3J8g-nVhZNlTP9Vpiuc/edit?gid=935355893
2016,2,Computer Networks,9,https://docs.google.com/spreadsheets/d/1ELvXc5h1iMOv31KZ4m6UQQZq3J8g-nVhZNlTP9Vpiuc/edit?gid=935355893
2016,2,Quantitative Aptitude,8,https://docs.google.com/spreadsheets/d/1ELvXc5h1iMOv31KZ4m6UQQZq3J8g-nVhZNlTP9Vpiuc/edit?gid=935355893
2016,2,Verbal Aptitude,7,https://docs.google.com/spreadsheets/d/1ELvXc5h1iMOv31KZ4m6UQQZq3J8g-nVhZNlTP9Vpiuc/edit?gid=935355893
2016,2,IS & Software Engg.,0,https://docs.google.com/spreadsheets/d/1ELvXc5h1iMOv31KZ4m6UQQZq3J8g-nVhZNlTP9Vpiuc/edit?gid=935355893
2016,2,Web Technologies,0,https://docs.google.com/spreadsheets/d/1ELvXc5h1iMOv31KZ4m6UQQZq3J8g-nVhZNlTP9Vpiuc/edit?gid=935355893
2017,1,Probability,1,https://docs.google.com/spreadsheets/d/1ELvXc5h1iMOv31KZ4m6UQQZq3J8g-nVhZNlTP9Vpiuc/edit?gid=935355893
2017,1,Linear Algebra,5,https://docs.google.com/spreadsheets/d/1ELvXc5h1iMOv31KZ4m6UQQZq3J8g-nVhZNlTP9Vpiuc/edit?gid=935355893
2017,1,Calculus,2,https://docs.google.com/spreadsheets/d/1ELvXc5h1iMOv31KZ4m6UQQZq3J8g-nVhZNlTP9Vpiuc/edit?gid=935355893
2017,1,Mathematical Logic,4,https://docs.google.com/spreadsheets/d/1ELvXc5h1iMOv31KZ4m6UQQZq3J8g-nVhZNlTP9Vpiuc/edit?gid=935355893
2017,1,Set Theory & Algebra,2,https://docs.google.com/spreadsheets/d/1ELvXc5h1iMOv31KZ4m6UQQZq3J8g-nVhZNlTP9Vpiuc/edit?gid=935355893
2017,1,Combinatory,0,https://docs.google.com/spreadsheets/d/1ELvXc5h1iMOv31KZ4m6UQQZq3J8g-nVhZNlTP9Vpiuc/edit?gid=935355893
2017,1,Graph Theory,0,https://docs.google.com/spreadsheets/d/1ELvXc5h1iMOv31KZ4m6UQQZq3J8g-nVhZNlTP9Vpiuc/edit?gid=935355893
2017,1,Digital Logic,3,https://docs.google.com/spreadsheets/d/1ELvXc5h1iMOv31KZ4m6UQQZq3J8g-nVhZNlTP9Vpiuc/edit?gid=935355893
2017,1,CO & Architecture,10,https://docs.google.com/spreadsheets/d/1ELvXc5h1iMOv31KZ4m6UQQZq3J8g-nVhZNlTP9Vpiuc/edit?gid=935355893
2017,1,Programming,9,https://docs.google.com/spreadsheets/d/1ELvXc5h1iMOv31KZ4m6UQQZq3J8g-nVhZNlTP9Vpiuc/edit?gid=935355893
2017,1,Data Structures,3,https://docs.google.com/spreadsheets/d/1ELvXc5h1iMOv31KZ4m6UQQZq3J8g-nVhZNlTP9Vpiuc/edit?gid=935355893
2017,1,Algorithms,6,https://docs.google.com/spreadsheets/d/1ELvXc5h1iMOv31KZ4m6UQQZq3J8g-nVhZNlTP9Vpiuc/edit?gid=935355893
2017,1,Theory of Computation,12,https://docs.google.com/spreadsheets/d/1ELvXc5h1iMOv31KZ4m6UQQZq3J8g-nVhZNlTP9Vpiuc/edit?gid=935355893
2017,1,Compiler Design,6,https://docs.google.com/spreadsheets/d/1ELvXc5h1iMOv31KZ4m6UQQZq3J8g-nVhZNlTP9Vpiuc/edit?gid=935355893
2017,1,Operating System,6,https://docs.google.com/spreadsheets/d/1ELvXc5h1iMOv31KZ4m6UQQZq3J8g-nVhZNlTP9Vpiuc/edit?gid=935355893
2017,1,Databases,8,https://docs.google.com/spreadsheets/d/1ELvXc5h1iMOv31KZ4m6UQQZq3J8g-nVhZNlTP9Vpiuc/edit?gid=935355893
2017,1,Computer Networks,8,https://docs.google.com/spreadsheets/d/1ELvXc5h1iMOv31KZ4m6UQQZq3J8g-nVhZNlTP9Vpiuc/edit?gid=935355893
2017,1,Quantitative Aptitude,10,https://docs.google.com/spreadsheets/d/1ELvXc5h1iMOv31KZ4m6UQQZq3J8g-nVhZNlTP9Vpiuc/edit?gid=935355893
2017,1,Verbal Aptitude,5,https://docs.google.com/spreadsheets/d/1ELvXc5h1iMOv31KZ4m6UQQZq3J8g-nVhZNlTP9Vpiuc/edit?gid=935355893
2017,1,IS & Software Engg.,0,https://docs.google.com/spreadsheets/d/1ELvXc5h1iMOv31KZ4m6UQQZq3J8g-nVhZNlTP9Vpiuc/edit?gid=935355893
2017,1,Web Technologies,0,https://docs.google.com/spreadsheets/d/1ELvXc5h1iMOv31KZ4m6UQQZq3J8g-nVhZNlTP9Vpiuc/edit?gid=935355893
2017,2,Probability,6,https://docs.google.com/spreadsheets/d/1ELvXc5h1iMOv31KZ4m6UQQZq3J8g-nVhZNlTP9Vpiuc/edit?gid=935355893
2017,2,Linear Algebra,3,https://docs.google.com/spreadsheets/d/1ELvXc5h1iMOv31KZ4m6UQQZq3J8g-nVhZNlTP9Vpiuc/edit?gid=935355893
2017,2,Calculus,1,https://docs.google.com/spreadsheets/d/1ELvXc5h1iMOv31KZ4m6UQQZq3J8g-nVhZNlTP9Vpiuc/edit?gid=935355893
2017,2,Mathematical Logic,1,https://docs.google.com/spreadsheets/d/1ELvXc5h1iMOv31KZ4m6UQQZq3J8g-nVhZNlTP9Vpiuc/edit?gid=935355893
2017,2,Set Theory & Algebra,2,https://docs.google.com/spreadsheets/d/1ELvXc5h1iMOv31KZ4m6UQQZq3J8g-nVhZNlTP9Vpiuc/edit?gid=935355893
2017,2,Combinatory,2,https://docs.google.com/spreadsheets/d/1ELvXc5h1iMOv31KZ4m6UQQZq3J8g-nVhZNlTP9Vpiuc/edit?gid=935355893
2017,2,Graph Theory,1,https://docs.google.com/spreadsheets/d/1ELvXc5h1iMOv31KZ4m6UQQZq3J8g-nVhZNlTP9Vpiuc/edit?gid=935355893
2017,2,Digital Logic,10,https://docs.google.com/spreadsheets/d/1ELvXc5h1iMOv31KZ4m6UQQZq3J8g-nVhZNlTP9Vpiuc/edit?gid=935355893
2017,2,CO & Architecture,6,https://docs.google.com/spreadsheets/d/1ELvXc5h1iMOv31KZ4m6UQQZq3J8g-nVhZNlTP9Vpiuc/edit?gid=935355893
2017,2,Programming,10,https://docs.google.com/spreadsheets/d/1ELvXc5h1iMOv31KZ4m6UQQZq3J8g-nVhZNlTP9Vpiuc/edit?gid=935355893
2017,2,Data Structures,3,https://docs.google.com/spreadsheets/d/1ELvXc5h1iMOv31KZ4m6UQQZq3J8g-nVhZNlTP9Vpiuc/edit?gid=935355893
2017,2,Algorithms,8,https://docs.google.com/spreadsheets/d/1ELvXc5h1iMOv31KZ4m6UQQZq3J8g-nVhZNlTP9Vpiuc/edit?gid=935355893
2017,2,Theory of Computation,9,https://docs.google.com/spreadsheets/d/1ELvXc5h1iMOv31KZ4m6UQQZq3J8g-nVhZNlTP9Vpiuc/edit?gid=935355893
2017,2,Compiler Design,4,https://docs.google.com/spreadsheets/d/1ELvXc5h1iMOv31KZ4m6UQQZq3J8g-nVhZNlTP9Vpiuc/edit?gid=935355893
2017,2,Operating System,6,https://docs.google.com/spreadsheets/d/1ELvXc5h1iMOv31KZ4m6UQQZq3J8g-nVhZNlTP9Vpiuc/edit?gid=935355893
2017,2,Databases,8,https://docs.google.com/spreadsheets/d/1ELvXc5h1iMOv31KZ4m6UQQZq3J8g-nVhZNlTP9Vpiuc/edit?gid=935355893
2017,2,Computer Networks,5,https://docs.google.com/spreadsheets/d/1ELvXc5h1iMOv31KZ4m6UQQZq3J8g-nVhZNlTP9Vpiuc/edit?gid=935355893
2017,2,Quantitative Aptitude,11,https://docs.google.com/spreadsheets/d/1ELvXc5h1iMOv31KZ4m6UQQZq3J8g-nVhZNlTP9Vpiuc/edit?gid=935355893
2017,2,Verbal Aptitude,4,https://docs.google.com/spreadsheets/d/1ELvXc5h1iMOv31KZ4m6UQQZq3J8g-nVhZNlTP9Vpiuc/edit?gid=935355893
2017,2,IS & Software Engg.,0,https://docs.google.com/spreadsheets/d/1ELvXc5h1iMOv31KZ4m6UQQZq3J8g-nVhZNlTP9Vpiuc/edit?gid=935355893
2017,2,Web Technologies,0,https://docs.google.com/spreadsheets/d/1ELvXc5h1iMOv31KZ4m6UQQZq3J8g-nVhZNlTP9Vpiuc/edit?gid=935355893
2018,1,Probability,3,https://docs.google.com/spreadsheets/d/1ELvXc5h1iMOv31KZ4m6UQQZq3J8g-nVhZNlTP9Vpiuc/edit?gid=935355893
2018,1,Linear Algebra,3,https://docs.google.com/spreadsheets/d/1ELvXc5h1iMOv31KZ4m6UQQZq3J8g-nVhZNlTP9Vpiuc/edit?gid=935355893
2018,1,Calculus,1,https://docs.google.com/spreadsheets/d/1ELvXc5h1iMOv31KZ4m6UQQZq3J8g-nVhZNlTP9Vpiuc/edit?gid=935355893
2018,1,Mathematical Logic,2,https://docs.google.com/spreadsheets/d/1ELvXc5h1iMOv31KZ4m6UQQZq3J8g-nVhZNlTP9Vpiuc/edit?gid=935355893
2018,1,Set Theory & Algebra,3,https://docs.google.com/spreadsheets/d/1ELvXc5h1iMOv31KZ4m6UQQZq3J8g-nVhZNlTP9Vpiuc/edit?gid=935355893
2018,1,Combinatory,3,https://docs.google.com/spreadsheets/d/1ELvXc5h1iMOv31KZ4m6UQQZq3J8g-nVhZNlTP9Vpiuc/edit?gid=935355893
2018,1,Graph Theory,3,https://docs.google.com/spreadsheets/d/1ELvXc5h1iMOv31KZ4m6UQQZq3J8g-nVhZNlTP9Vpiuc/edit?gid=935355893
2018,1,Digital Logic,6,https://docs.google.com/spreadsheets/d/1ELvXc5h1iMOv31KZ4m6UQQZq3J8g-nVhZNlTP9Vpiuc/edit?gid=935355893
2018,1,CO & Architecture,8,https://docs.google.com/spreadsheets/d/1ELvXc5h1iMOv31KZ4m6UQQZq3J8g-nVhZNlTP9Vpiuc/edit?gid=935355893
2018,1,Programming,8,https://docs.google.com/spreadsheets/d/1ELvXc5h1iMOv31KZ4m6UQQZq3J8g-nVhZNlTP9Vpiuc/edit?gid=935355893
2018,1,Data Structures,2,https://docs.google.com/spreadsheets/d/1ELvXc5h1iMOv31KZ4m6UQQZq3J8g-nVhZNlTP9Vpiuc/edit?gid=935355893
2018,1,Algorithms,8,https://docs.google.com/spreadsheets/d/1ELvXc5h1iMOv31KZ4m6UQQZq3J8g-nVhZNlTP9Vpiuc/edit?gid=935355893
2018,1,Theory of Computation,8,https://docs.google.com/spreadsheets/d/1ELvXc5h1iMOv31KZ4m6UQQZq3J8g-nVhZNlTP9Vpiuc/edit?gid=935355893
2018,1,Compiler Design,5,https://docs.google.com/spreadsheets/d/1ELvXc5h1iMOv31KZ4m6UQQZq3J8g-nVhZNlTP9Vpiuc/edit?gid=935355893
2018,1,Operating System,9,https://docs.google.com/spreadsheets/d/1ELvXc5h1iMOv31KZ4m6UQQZq3J8g-nVhZNlTP9Vpiuc/edit?gid=935355893
2018,1,Databases,6,https://docs.google.com/spreadsheets/d/1ELvXc5h1iMOv31KZ4m6UQQZq3J8g-nVhZNlTP9Vpiuc/edit?gid=935355893
2018,1,Computer Networks,7,https://docs.google.com/spreadsheets/d/1ELvXc5h1iMOv31KZ4m6UQQZq3J8g-nVhZNlTP9Vpiuc/edit?gid=935355893
2018,1,Quantitative Aptitude,13,https://docs.google.com/spreadsheets/d/1ELvXc5h1iMOv31KZ4m6UQQZq3J8g-nVhZNlTP9Vpiuc/edit?gid=935355893
2018,1,Verbal Aptitude,2,https://docs.google.com/spreadsheets/d/1ELvXc5h1iMOv31KZ4m6UQQZq3J8g-nVhZNlTP9Vpiuc/edit?gid=935355893
2018,1,IS & Software Engg.,0,https://docs.google.com/spreadsheets/d/1ELvXc5h1iMOv31KZ4m6UQQZq3J8g-nVhZNlTP9Vpiuc/edit?gid=935355893
2019,1,Probability,2,https://docs.google.com/spreadsheets/d/1ELvXc5h1iMOv31KZ4m6UQQZq3J8g-nVhZNlTP9Vpiuc/edit?gid=935355893
2019,1,Linear Algebra,3,https://docs.google.com/spreadsheets/d/1ELvXc5h1iMOv31KZ4m6UQQZq3J8g-nVhZNlTP9Vpiuc/edit?gid=935355893
2019,1,Calculus,1,https://docs.google.com/spreadsheets/d/1ELvXc5h1iMOv31KZ4m6UQQZq3J8g-nVhZNlTP9Vpiuc/edit?gid=935355893
2019,1,Mathematical Logic,2,https://docs.google.com/spreadsheets/d/1ELvXc5h1iMOv31KZ4m6UQQZq3J8g-nVhZNlTP9Vpiuc/edit?gid=935355893
2019,1,Set Theory & Algebra,1,https://docs.google.com/spreadsheets/d/1ELvXc5h1iMOv31KZ4m6UQQZq3J8g-nVhZNlTP9Vpiuc/edit?gid=935355893
2019,1,Combinatory,2,https://docs.google.com/spreadsheets/d/1ELvXc5h1iMOv31KZ4m6UQQZq3J8g-nVhZNlTP9Vpiuc/edit?gid=935355893
2019,1,Graph Theory,3,https://docs.google.com/spreadsheets/d/1ELvXc5h1iMOv31KZ4m6UQQZq3J8g-nVhZNlTP9Vpiuc/edit?gid=935355893
2019,1,Digital Logic,8,https://docs.google.com/spreadsheets/d/1ELvXc5h1iMOv31KZ4m6UQQZq3J8g-nVhZNlTP9Vpiuc/edit?gid=935355893
2019,1,CO & Architecture,4,https://docs.google.com/spreadsheets/d/1ELvXc5h1iMOv31KZ4m6UQQZq3J8g-nVhZNlTP9Vpiuc/edit?gid=935355893
2019,1,Programming,8,https://docs.google.com/spreadsheets/d/1ELvXc5h1iMOv31KZ4m6UQQZq3J8g-nVhZNlTP9Vpiuc/edit?gid=935355893
2019,1,Data Structures,4,https://docs.google.com/spreadsheets/d/1ELvXc5h1iMOv31KZ4m6UQQZq3J8g-nVhZNlTP9Vpiuc/edit?gid=935355893
2019,1,Algorithms,6,https://docs.google.com/spreadsheets/d/1ELvXc5h1iMOv31KZ4m6UQQZq3J8g-nVhZNlTP9Vpiuc/edit?gid=935355893
2019,1,Theory of Computation,8,https://docs.google.com/spreadsheets/d/1ELvXc5h1iMOv31KZ4m6UQQZq3J8g-nVhZNlTP9Vpiuc/edit?gid=935355893
2019,1,Compiler Design,6,https://docs.google.com/spreadsheets/d/1ELvXc5h1iMOv31KZ4m6UQQZq3J8g-nVhZNlTP9Vpiuc/edit?gid=935355893
2019,1,Operating System,10,https://docs.google.com/spreadsheets/d/1ELvXc5h1iMOv31KZ4m6UQQZq3J8g-nVhZNlTP9Vpiuc/edit?gid=935355893
2019,1,Databases,8,https://docs.google.com/spreadsheets/d/1ELvXc5h1iMOv31KZ4m6UQQZq3J8g-nVhZNlTP9Vpiuc/edit?gid=935355893
2019,1,Computer Networks,9,https://docs.google.com/spreadsheets/d/1ELvXc5h1iMOv31KZ4m6UQQZq3J8g-nVhZNlTP9Vpiuc/edit?gid=935355893
2019,1,Quantitative Aptitude,8,https://docs.google.com/spreadsheets/d/1ELvXc5h1iMOv31KZ4m6UQQZq3J8g-nVhZNlTP9Vpiuc/edit?gid=935355893
2019,1,Verbal Aptitude,7,https://docs.google.com/spreadsheets/d/1ELvXc5h1iMOv31KZ4m6UQQZq3J8g-nVhZNlTP9Vpiuc/edit?gid=935355893
2020,1,Probability,2,https://docs.google.com/spreadsheets/d/1ELvXc5h1iMOv31KZ4m6UQQZq3J8g-nVhZNlTP9Vpiuc/edit?gid=935355893
2020,1,Linear Algebra,2,https://docs.google.com/spreadsheets/d/1ELvXc5h1iMOv31KZ4m6UQQZq3J8g-nVhZNlTP9Vpiuc/edit?gid=935355893
2020,1,Calculus,1,https://docs.google.com/spreadsheets/d/1ELvXc5h1iMOv31KZ4m6UQQZq3J8g-nVhZNlTP9Vpiuc/edit?gid=935355893
2020,1,Mathematical Logic,2,https://docs.google.com/spreadsheets/d/1ELvXc5h1iMOv31KZ4m6UQQZq3J8g-nVhZNlTP9Vpiuc/edit?gid=935355893
2020,1,Set Theory & Algebra,2,https://docs.google.com/spreadsheets/d/1ELvXc5h1iMOv31KZ4m6UQQZq3J8g-nVhZNlTP9Vpiuc/edit?gid=935355893
2020,1,Combinatory,2,https://docs.google.com/spreadsheets/d/1ELvXc5h1iMOv31KZ4m6UQQZq3J8g-nVhZNlTP9Vpiuc/edit?gid=935355893
2020,1,Graph Theory,2,https://docs.google.com/spreadsheets/d/1ELvXc5h1iMOv31KZ4m6UQQZq3J8g-nVhZNlTP9Vpiuc/edit?gid=935355893
2020,1,Digital Logic,6,https://docs.google.com/spreadsheets/d/1ELvXc5h1iMOv31KZ4m6UQQZq3J8g-nVhZNlTP9Vpiuc/edit?gid=935355893
2020,1,CO & Architecture,9,https://docs.google.com/spreadsheets/d/1ELvXc5h1iMOv31KZ4m6UQQZq3J8g-nVhZNlTP9Vpiuc/edit?gid=935355893
2020,1,Programming,3,https://docs.google.com/spreadsheets/d/1ELvXc5h1iMOv31KZ4m6UQQZq3J8g-nVhZNlTP9Vpiuc/edit?gid=935355893
2020,1,Data Structures,7,https://docs.google.com/spreadsheets/d/1ELvXc5h1iMOv31KZ4m6UQQZq3J8g-nVhZNlTP9Vpiuc/edit?gid=935355893
2020,1,Algorithms,10,https://docs.google.com/spreadsheets/d/1ELvXc5h1iMOv31KZ4m6UQQZq3J8g-nVhZNlTP9Vpiuc/edit?gid=935355893
2020,1,Theory of Computation,9,https://docs.google.com/spreadsheets/d/1ELvXc5h1iMOv31KZ4m6UQQZq3J8g-nVhZNlTP9Vpiuc/edit?gid=935355893
2020,1,Compiler Design,4,https://docs.google.com/spreadsheets/d/1ELvXc5h1iMOv31KZ4m6UQQZq3J8g-nVhZNlTP9Vpiuc/edit?gid=935355893
2020,1,Operating System,10,https://docs.google.com/spreadsheets/d/1ELvXc5h1iMOv31KZ4m6UQQZq3J8g-nVhZNlTP9Vpiuc/edit?gid=935355893
2020,1,Databases,8,https://docs.google.com/spreadsheets/d/1ELvXc5h1iMOv31KZ4m6UQQZq3J8g-nVhZNlTP9Vpiuc/edit?gid=935355893
2020,1,Computer Networks,6,https://docs.google.com/spreadsheets/d/1ELvXc5h1iMOv31KZ4m6UQQZq3J8g-nVhZNlTP9Vpiuc/edit?gid=935355893
2020,1,Quantitative Aptitude,7,https://docs.google.com/spreadsheets/d/1ELvXc5h1iMOv31KZ4m6UQQZq3J8g-nVhZNlTP9Vpiuc/edit?gid=935355893
2020,1,Verbal Aptitude,6,https://docs.google.com/spreadsheets/d/1ELvXc5h1iMOv31KZ4m6UQQZq3J8g-nVhZNlTP9Vpiuc/edit?gid=935355893
2020,1,Analytical Aptitude,2,https://docs.google.com/spreadsheets/d/1ELvXc5h1iMOv31KZ4m6UQQZq3J8g-nVhZNlTP9Vpiuc/edit?gid=935355893
2021,1,Probability,5,https://docs.google.com/spreadsheets/d/1ELvXc5h1iMOv31KZ4m6UQQZq3J8g-nVhZNlTP9Vpiuc/edit?gid=935355893
2021,1,Linear Algebra,2,https://docs.google.com/spreadsheets/d/1ELvXc5h1iMOv31KZ4m6UQQZq3J8g-nVhZNlTP9Vpiuc/edit?gid=935355893
2021,1,Calculus,1,https://docs.google.com/spreadsheets/d/1ELvXc5h1iMOv31KZ4m6UQQZq3J8g-nVhZNlTP9Vpiuc/edit?gid=935355893
2021,1,Mathematical Logic,1,https://docs.google.com/spreadsheets/d/1ELvXc5h1iMOv31KZ4m6UQQZq3J8g-nVhZNlTP9Vpiuc/edit?gid=935355893
2021,1,Set Theory & Algebra,4,https://docs.google.com/spreadsheets/d/1ELvXc5h1iMOv31KZ4m6UQQZq3J8g-nVhZNlTP9Vpiuc/edit?gid=935355893
2021,1,Combinatory,1,https://docs.google.com/spreadsheets/d/1ELvXc5h1iMOv31KZ4m6UQQZq3J8g-nVhZNlTP9Vpiuc/edit?gid=935355893
2021,1,Graph Theory,3,https://docs.google.com/spreadsheets/d/1ELvXc5h1iMOv31KZ4m6UQQZq3J8g-nVhZNlTP9Vpiuc/edit?gid=935355893
2021,1,Digital Logic,6,https://docs.google.com/spreadsheets/d/1ELvXc5h1iMOv31KZ4m6UQQZq3J8g-nVhZNlTP9Vpiuc/edit?gid=935355893
2021,1,CO & Architecture,5,https://docs.google.com/spreadsheets/d/1ELvXc5h1iMOv31KZ4m6UQQZq3J8g-nVhZNlTP9Vpiuc/edit?gid=935355893
2021,1,Programming,4,https://docs.google.com/spreadsheets/d/1ELvXc5h1iMOv31KZ4m6UQQZq3J8g-nVhZNlTP9Vpiuc/edit?gid=935355893
2021,1,Data Structures,6,https://docs.google.com/spreadsheets/d/1ELvXc5h1iMOv31KZ4m6UQQZq3J8g-nVhZNlTP9Vpiuc/edit?gid=935355893
2021,1,Algorithms,9,https://docs.google.com/spreadsheets/d/1ELvXc5h1iMOv31KZ4m6UQQZq3J8g-nVhZNlTP9Vpiuc/edit?gid=935355893
2021,1,Theory of Computation,8,https://docs.google.com/spreadsheets/d/1ELvXc5h1iMOv31KZ4m6UQQZq3J8g-nVhZNlTP9Vpiuc/edit?gid=935355893
2021,1,Compiler Design,7,https://docs.google.com/spreadsheets/d/1ELvXc5h1iMOv31KZ4m6UQQZq3J8g-nVhZNlTP9Vpiuc/edit?gid=935355893
2021,1,Operating System,6,https://docs.google.com/spreadsheets/d/1ELvXc5h1iMOv31KZ4m6UQQZq3J8g-nVhZNlTP9Vpiuc/edit?gid=935355893
2021,1,Databases,8,https://docs.google.com/spreadsheets/d/1ELvXc5h1iMOv31KZ4m6UQQZq3J8g-nVhZNlTP9Vpiuc/edit?gid=935355893
2021,1,Computer Networks,9,https://docs.google.com/spreadsheets/d/1ELvXc5h1iMOv31KZ4m6UQQZq3J8g-nVhZNlTP9Vpiuc/edit?gid=935355893
2021,1,Quantitative Aptitude,7,https://docs.google.com/spreadsheets/d/1ELvXc5h1iMOv31KZ4m6UQQZq3J8g-nVhZNlTP9Vpiuc/edit?gid=935355893
2021,1,Verbal Aptitude,4,https://docs.google.com/spreadsheets/d/1ELvXc5h1iMOv31KZ4m6UQQZq3J8g-nVhZNlTP9Vpiuc/edit?gid=935355893
2021,1,Analytical Aptitude,2,https://docs.google.com/spreadsheets/d/1ELvXc5h1iMOv31KZ4m6UQQZq3J8g-nVhZNlTP9Vpiuc/edit?gid=935355893
2021,1,Spatial Aptitude,2,https://docs.google.com/spreadsheets/d/1ELvXc5h1iMOv31KZ4m6UQQZq3J8g-nVhZNlTP9Vpiuc/edit?gid=935355893
2021,2,Probability,5,https://docs.google.com/spreadsheets/d/1ELvXc5h1iMOv31KZ4m6UQQZq3J8g-nVhZNlTP9Vpiuc/edit?gid=935355893
2021,2,Linear Algebra,3,https://docs.google.com/spreadsheets/d/1ELvXc5h1iMOv31KZ4m6UQQZq3J8g-nVhZNlTP9Vpiuc/edit?gid=935355893
2021,2,Calculus,1,https://docs.google.com/spreadsheets/d/1ELvXc5h1iMOv31KZ4m6UQQZq3J8g-nVhZNlTP9Vpiuc/edit?gid=935355893
2021,2,Mathematical Logic,1,https://docs.google.com/spreadsheets/d/1ELvXc5h1iMOv31KZ4m6UQQZq3J8g-nVhZNlTP9Vpiuc/edit?gid=935355893
2021,2,Set Theory & Algebra,3,https://docs.google.com/spreadsheets/d/1ELvXc5h1iMOv31KZ4m6UQQZq3J8g-nVhZNlTP9Vpiuc/edit?gid=935355893
2021,2,Combinatory,2,https://docs.google.com/spreadsheets/d/1ELvXc5h1iMOv31KZ4m6UQQZq3J8g-nVhZNlTP9Vpiuc/edit?gid=935355893
2021,2,Graph Theory,0,https://docs.google.com/spreadsheets/d/1ELvXc5h1iMOv31KZ4m6UQQZq3J8g-nVhZNlTP9Vpiuc/edit?gid=935355893
2021,2,Digital Logic,7,https://docs.google.com/spreadsheets/d/1ELvXc5h1iMOv31KZ4m6UQQZq3J8g-nVhZNlTP9Vpiuc/edit?gid=935355893
2021,2,CO & Architecture,6,https://docs.google.com/spreadsheets/d/1ELvXc5h1iMOv31KZ4m6UQQZq3J8g-nVhZNlTP9Vpiuc/edit?gid=935355893
2021,2,Programming,6,https://docs.google.com/spreadsheets/d/1ELvXc5h1iMOv31KZ4m6UQQZq3J8g-nVhZNlTP9Vpiuc/edit?gid=935355893
2021,2,Data Structures,2,https://docs.google.com/spreadsheets/d/1ELvXc5h1iMOv31KZ4m6UQQZq3J8g-nVhZNlTP9Vpiuc/edit?gid=935355893
2021,2,Algorithms,10,https://docs.google.com/spreadsheets/d/1ELvXc5h1iMOv31KZ4m6UQQZq3J8g-nVhZNlTP9Vpiuc/edit?gid=935355893
2021,2,Theory of Computation,11,https://docs.google.com/spreadsheets/d/1ELvXc5h1iMOv31KZ4m6UQQZq3J8g-nVhZNlTP9Vpiuc/edit?gid=935355893
2021,2,Compiler Design,6,https://docs.google.com/spreadsheets/d/1ELvXc5h1iMOv31KZ4m6UQQZq3J8g-nVhZNlTP9Vpiuc/edit?gid=935355893
2021,2,Operating System,8,https://docs.google.com/spreadsheets/d/1ELvXc5h1iMOv31KZ4m6UQQZq3J8g-nVhZNlTP9Vpiuc/edit?gid=935355893
2021,2,Databases,7,https://docs.google.com/spreadsheets/d/1ELvXc5h1iMOv31KZ4m6UQQZq3J8g-nVhZNlTP9Vpiuc/edit?gid=935355893
2021,2,Computer Networks,7,https://docs.google.com/spreadsheets/d/1ELvXc5h1iMOv31KZ4m6UQQZq3J8g-nVhZNlTP9Vpiuc/edit?gid=935355893
2021,2,Quantitative Aptitude,6,https://docs.google.com/spreadsheets/d/1ELvXc5h1iMOv31KZ4m6UQQZq3J8g-nVhZNlTP9Vpiuc/edit?gid=935355893
2021,2,Verbal Aptitude,4,https://docs.google.com/spreadsheets/d/1ELvXc5h1iMOv31KZ4m6UQQZq3J8g-nVhZNlTP9Vpiuc/edit?gid=935355893
2021,2,Analytical Aptitude,2,https://docs.google.com/spreadsheets/d/1ELvXc5h1iMOv31KZ4m6UQQZq3J8g-nVhZNlTP9Vpiuc/edit?gid=935355893
2021,2,Spatial Aptitude,3,https://docs.google.com/spreadsheets/d/1ELvXc5h1iMOv31KZ4m6UQQZq3J8g-nVhZNlTP9Vpiuc/edit?gid=935355893
2022,1,Probability,0,https://docs.google.com/spreadsheets/d/1ELvXc5h1iMOv31KZ4m6UQQZq3J8g-nVhZNlTP9Vpiuc/edit?gid=935355893
2022,1,Linear Algebra,5,https://docs.google.com/spreadsheets/d/1ELvXc5h1iMOv31KZ4m6UQQZq3J8g-nVhZNlTP9Vpiuc/edit?gid=935355893
2022,1,Calculus,1,https://docs.google.com/spreadsheets/d/1ELvXc5h1iMOv31KZ4m6UQQZq3J8g-nVhZNlTP9Vpiuc/edit?gid=935355893
2022,1,Mathematical Logic,0,https://docs.google.com/spreadsheets/d/1ELvXc5h1iMOv31KZ4m6UQQZq3J8g-nVhZNlTP9Vpiuc/edit?gid=935355893
2022,1,Set Theory & Algebra,1,https://docs.google.com/spreadsheets/d/1ELvXc5h1iMOv31KZ4m6UQQZq3J8g-nVhZNlTP9Vpiuc/edit?gid=935355893
2022,1,Combinatory,5,https://docs.google.com/spreadsheets/d/1ELvXc5h1iMOv31KZ4m6UQQZq3J8g-nVhZNlTP9Vpiuc/edit?gid=935355893
2022,1,Graph Theory,7,https://docs.google.com/spreadsheets/d/1ELvXc5h1iMOv31KZ4m6UQQZq3J8g-nVhZNlTP9Vpiuc/edit?gid=935355893
2022,1,Digital Logic,5,https://docs.google.com/spreadsheets/d/1ELvXc5h1iMOv31KZ4m6UQQZq3J8g-nVhZNlTP9Vpiuc/edit?gid=935355893
2022,1,CO & Architecture,7,https://docs.google.com/spreadsheets/d/1ELvXc5h1iMOv31KZ4m6UQQZq3J8g-nVhZNlTP9Vpiuc/edit?gid=935355893
2022,1,Programming,5,https://docs.google.com/spreadsheets/d/1ELvXc5h1iMOv31KZ4m6UQQZq3J8g-nVhZNlTP9Vpiuc/edit?gid=935355893
2022,1,Data Structures,4,https://docs.google.com/spreadsheets/d/1ELvXc5h1iMOv31KZ4m6UQQZq3J8g-nVhZNlTP9Vpiuc/edit?gid=935355893
2022,1,Algorithms,6,https://docs.google.com/spreadsheets/d/1ELvXc5h1iMOv31KZ4m6UQQZq3J8g-nVhZNlTP9Vpiuc/edit?gid=935355893
2022,1,Theory of Computation,8,https://docs.google.com/spreadsheets/d/1ELvXc5h1iMOv31KZ4m6UQQZq3J8g-nVhZNlTP9Vpiuc/edit?gid=935355893
2022,1,Compiler Design,4,https://docs.google.com/spreadsheets/d/1ELvXc5h1iMOv31KZ4m6UQQZq3J8g-nVhZNlTP9Vpiuc/edit?gid=935355893
2022,1,Operating System,10,https://docs.google.com/spreadsheets/d/1ELvXc5h1iMOv31KZ4m6UQQZq3J8g-nVhZNlTP9Vpiuc/edit?gid=935355893
2022,1,Databases,7,https://docs.google.com/spreadsheets/d/1ELvXc5h1iMOv31KZ4m6UQQZq3J8g-nVhZNlTP9Vpiuc/edit?gid=935355893
2022,1,Computer Networks,10,https://docs.google.com/spreadsheets/d/1ELvXc5h1iMOv31KZ4m6UQQZq3J8g-nVhZNlTP9Vpiuc/edit?gid=935355893
2022,1,Quantitative Aptitude,6,https://docs.google.com/spreadsheets/d/1ELvXc5h1iMOv31KZ4m6UQQZq3J8g-nVhZNlTP9Vpiuc/edit?gid=935355893
2022,1,Verbal Aptitude,3,https://docs.google.com/spreadsheets/d/1ELvXc5h1iMOv31KZ4m6UQQZq3J8g-nVhZNlTP9Vpiuc/edit?gid=935355893
2022,1,Analytical Aptitude,3,https://docs.google.com/spreadsheets/d/1ELvXc5h1iMOv31KZ4m6UQQZq3J8g-nVhZNlTP9Vpiuc/edit?gid=935355893
2022,1,Spatial Aptitude,3,https://docs.google.com/spreadsheets/d/1ELvXc5h1iMOv31KZ4m6UQQZq3J8g-nVhZNlTP9Vpiuc/edit?gid=935355893
2023,1,Probability,2,https://docs.google.com/spreadsheets/d/1ELvXc5h1iMOv31KZ4m6UQQZq3J8g-nVhZNlTP9Vpiuc/edit?gid=935355893
2023,1,Linear Algebra,2,https://docs.google.com/spreadsheets/d/1ELvXc5h1iMOv31KZ4m6UQQZq3J8g-nVhZNlTP9Vpiuc/edit?gid=935355893
2023,1,Calculus,2,https://docs.google.com/spreadsheets/d/1ELvXc5h1iMOv31KZ4m6UQQZq3J8g-nVhZNlTP9Vpiuc/edit?gid=935355893
2023,1,Mathematical Logic,1,https://docs.google.com/spreadsheets/d/1ELvXc5h1iMOv31KZ4m6UQQZq3J8g-nVhZNlTP9Vpiuc/edit?gid=935355893
2023,1,Set Theory & Algebra,4,https://docs.google.com/spreadsheets/d/1ELvXc5h1iMOv31KZ4m6UQQZq3J8g-nVhZNlTP9Vpiuc/edit?gid=935355893
2023,1,Combinatory,3,https://docs.google.com/spreadsheets/d/1ELvXc5h1iMOv31KZ4m6UQQZq3J8g-nVhZNlTP9Vpiuc/edit?gid=935355893
2023,1,Graph Theory,2,https://docs.google.com/spreadsheets/d/1ELvXc5h1iMOv31KZ4m6UQQZq3J8g-nVhZNlTP9Vpiuc/edit?gid=935355893
2023,1,Digital Logic,6,https://docs.google.com/spreadsheets/d/1ELvXc5h1iMOv31KZ4m6UQQZq3J8g-nVhZNlTP9Vpiuc/edit?gid=935355893
2023,1,CO & Architecture,10,https://docs.google.com/spreadsheets/d/1ELvXc5h1iMOv31KZ4m6UQQZq3J8g-nVhZNlTP9Vpiuc/edit?gid=935355893
2023,1,Programming,1,https://docs.google.com/spreadsheets/d/1ELvXc5h1iMOv31KZ4m6UQQZq3J8g-nVhZNlTP9Vpiuc/edit?gid=935355893
2023,1,Data Structures,8,https://docs.google.com/spreadsheets/d/1ELvXc5h1iMOv31KZ4m6UQQZq3J8g-nVhZNlTP9Vpiuc/edit?gid=935355893
2023,1,Algorithms,6,https://docs.google.com/spreadsheets/d/1ELvXc5h1iMOv31KZ4m6UQQZq3J8g-nVhZNlTP9Vpiuc/edit?gid=935355893
2023,1,Theory of Computation,9,https://docs.google.com/spreadsheets/d/1ELvXc5h1iMOv31KZ4m6UQQZq3J8g-nVhZNlTP9Vpiuc/edit?gid=935355893
2023,1,Compiler Design,7,https://docs.google.com/spreadsheets/d/1ELvXc5h1iMOv31KZ4m6UQQZq3J8g-nVhZNlTP9Vpiuc/edit?gid=935355893
2023,1,Operating System,9,https://docs.google.com/spreadsheets/d/1ELvXc5h1iMOv31KZ4m6UQQZq3J8g-nVhZNlTP9Vpiuc/edit?gid=935355893
2023,1,Databases,5,https://docs.google.com/spreadsheets/d/1ELvXc5h1iMOv31KZ4m6UQQZq3J8g-nVhZNlTP9Vpiuc/edit?gid=935355893
2023,1,Computer Networks,8,https://docs.google.com/spreadsheets/d/1ELvXc5h1iMOv31KZ4m6UQQZq3J8g-nVhZNlTP9Vpiuc/edit?gid=935355893
2023,1,Quantitative Aptitude,5,https://docs.google.com/spreadsheets/d/1ELvXc5h1iMOv31KZ4m6UQQZq3J8g-nVhZNlTP9Vpiuc/edit?gid=935355893
2023,1,Verbal Aptitude,4,https://docs.google.com/spreadsheets/d/1ELvXc5h1iMOv31KZ4m6UQQZq3J8g-nVhZNlTP9Vpiuc/edit?gid=935355893
2023,1,Analytical Aptitude,3,https://docs.google.com/spreadsheets/d/1ELvXc5h1iMOv31KZ4m6UQQZq3J8g-nVhZNlTP9Vpiuc/edit?gid=935355893
2023,1,Spatial Aptitude,3,https://docs.google.com/spreadsheets/d/1ELvXc5h1iMOv31KZ4m6UQQZq3J8g-nVhZNlTP9Vpiuc/edit?gid=935355893
2024,1,Probability,4,https://docs.google.com/spreadsheets/d/1ELvXc5h1iMOv31KZ4m6UQQZq3J8g-nVhZNlTP9Vpiuc/edit?gid=935355893
2024,1,Linear Algebra,3,https://docs.google.com/spreadsheets/d/1ELvXc5h1iMOv31KZ4m6UQQZq3J8g-nVhZNlTP9Vpiuc/edit?gid=935355893
2024,1,Calculus,1,https://docs.google.com/spreadsheets/d/1ELvXc5h1iMOv31KZ4m6UQQZq3J8g-nVhZNlTP9Vpiuc/edit?gid=935355893
2024,1,Mathematical Logic,0,https://docs.google.com/spreadsheets/d/1ELvXc5h1iMOv31KZ4m6UQQZq3J8g-nVhZNlTP9Vpiuc/edit?gid=935355893
2024,1,Set Theory & Algebra,3,https://docs.google.com/spreadsheets/d/1ELvXc5h1iMOv31KZ4m6UQQZq3J8g-nVhZNlTP9Vpiuc/edit?gid=935355893
2024,1,Combinatory,0,https://docs.google.com/spreadsheets/d/1ELvXc5h1iMOv31KZ4m6UQQZq3J8g-nVhZNlTP9Vpiuc/edit?gid=935355893
2024,1,Graph Theory,3,https://docs.google.com/spreadsheets/d/1ELvXc5h1iMOv31KZ4m6UQQZq3J8g-nVhZNlTP9Vpiuc/edit?gid=935355893
2024,1,Digital Logic,6,https://docs.google.com/spreadsheets/d/1ELvXc5h1iMOv31KZ4m6UQQZq3J8g-nVhZNlTP9Vpiuc/edit?gid=935355893
2024,1,CO & Architecture,8,https://docs.google.com/spreadsheets/d/1ELvXc5h1iMOv31KZ4m6UQQZq3J8g-nVhZNlTP9Vpiuc/edit?gid=935355893
2024,1,Programming,4,https://docs.google.com/spreadsheets/d/1ELvXc5h1iMOv31KZ4m6UQQZq3J8g-nVhZNlTP9Vpiuc/edit?gid=935355893
2024,1,Data Structures,2,https://docs.google.com/spreadsheets/d/1ELvXc5h1iMOv31KZ4m6UQQZq3J8g-nVhZNlTP9Vpiuc/edit?gid=935355893
2024,1,Algorithms,9,https://docs.google.com/spreadsheets/d/1ELvXc5h1iMOv31KZ4m6UQQZq3J8g-nVhZNlTP9Vpiuc/edit?gid=935355893
2024,1,Theory of Computation,5,https://docs.google.com/spreadsheets/d/1ELvXc5h1iMOv31KZ4m6UQQZq3J8g-nVhZNlTP9Vpiuc/edit?gid=935355893
2024,1,Compiler Design,10,https://docs.google.com/spreadsheets/d/1ELvXc5h1iMOv31KZ4m6UQQZq3J8g-nVhZNlTP9Vpiuc/edit?gid=935355893
2024,1,Operating System,10,https://docs.google.com/spreadsheets/d/1ELvXc5h1iMOv31KZ4m6UQQZq3J8g-nVhZNlTP9Vpiuc/edit?gid=935355893
2024,1,Databases,8,https://docs.google.com/spreadsheets/d/1ELvXc5h1iMOv31KZ4m6UQQZq3J8g-nVhZNlTP9Vpiuc/edit?gid=935355893
2024,1,Computer Networks,9,https://docs.google.com/spreadsheets/d/1ELvXc5h1iMOv31KZ4m6UQQZq3J8g-nVhZNlTP9Vpiuc/edit?gid=935355893
2024,1,Quantitative Aptitude,8,https://docs.google.com/spreadsheets/d/1ELvXc5h1iMOv31KZ4m6UQQZq3J8g-nVhZNlTP9Vpiuc/edit?gid=935355893
2024,1,Verbal Aptitude,3,https://docs.google.com/spreadsheets/d/1ELvXc5h1iMOv31KZ4m6UQQZq3J8g-nVhZNlTP9Vpiuc/edit?gid=935355893
2024,1,Analytical Aptitude,0,https://docs.google.com/spreadsheets/d/1ELvXc5h1iMOv31KZ4m6UQQZq3J8g-nVhZNlTP9Vpiuc/edit?gid=935355893
2024,1,Spatial Aptitude,4,https://docs.google.com/spreadsheets/d/1ELvXc5h1iMOv31KZ4m6UQQZq3J8g-nVhZNlTP9Vpiuc/edit?gid=935355893
2024,2,Probability,3,https://docs.google.com/spreadsheets/d/1ELvXc5h1iMOv31KZ4m6UQQZq3J8g-nVhZNlTP9Vpiuc/edit?gid=935355893
2024,2,Linear Algebra,2,https://docs.google.com/spreadsheets/d/1ELvXc5h1iMOv31KZ4m6UQQZq3J8g-nVhZNlTP9Vpiuc/edit?gid=935355893
2024,2,Calculus,1,https://docs.google.com/spreadsheets/d/1ELvXc5h1iMOv31KZ4m6UQQZq3J8g-nVhZNlTP9Vpiuc/edit?gid=935355893
2024,2,Mathematical Logic,1,https://docs.google.com/spreadsheets/d/1ELvXc5h1iMOv31KZ4m6UQQZq3J8g-nVhZNlTP9Vpiuc/edit?gid=935355893
2024,2,Set Theory & Algebra,3,https://docs.google.com/spreadsheets/d/1ELvXc5h1iMOv31KZ4m6UQQZq3J8g-nVhZNlTP9Vpiuc/edit?gid=935355893
2024,2,Combinatory,0,https://docs.google.com/spreadsheets/d/1ELvXc5h1iMOv31KZ4m6UQQZq3J8g-nVhZNlTP9Vpiuc/edit?gid=935355893
2024,2,Graph Theory,5,https://docs.google.com/spreadsheets/d/1ELvXc5h1iMOv31KZ4m6UQQZq3J8g-nVhZNlTP9Vpiuc/edit?gid=935355893
2024,2,Digital Logic,6,https://docs.google.com/spreadsheets/d/1ELvXc5h1iMOv31KZ4m6UQQZq3J8g-nVhZNlTP9Vpiuc/edit?gid=935355893
2024,2,CO & Architecture,8,https://docs.google.com/spreadsheets/d/1ELvXc5h1iMOv31KZ4m6UQQZq3J8g-nVhZNlTP9Vpiuc/edit?gid=935355893
2024,2,Programming,4,https://docs.google.com/spreadsheets/d/1ELvXc5h1iMOv31KZ4m6UQQZq3J8g-nVhZNlTP9Vpiuc/edit?gid=935355893
2024,2,Data Structures,4,https://docs.google.com/spreadsheets/d/1ELvXc5h1iMOv31KZ4m6UQQZq3J8g-nVhZNlTP9Vpiuc/edit?gid=935355893
2024,2,Algorithms,6,https://docs.google.com/spreadsheets/d/1ELvXc5h1iMOv31KZ4m6UQQZq3J8g-nVhZNlTP9Vpiuc/edit?gid=935355893
2024,2,Theory of Computation,7,https://docs.google.com/spreadsheets/d/1ELvXc5h1iMOv31KZ4m6UQQZq3J8g-nVhZNlTP9Vpiuc/edit?gid=935355893
2024,2,Compiler Design,8,https://docs.google.com/spreadsheets/d/1ELvXc5h1iMOv31KZ4m6UQQZq3J8g-nVhZNlTP9Vpiuc/edit?gid=935355893
2024,2,Operating System,10,https://docs.google.com/spreadsheets/d/1ELvXc5h1iMOv31KZ4m6UQQZq3J8g-nVhZNlTP9Vpiuc/edit?gid=935355893
2024,2,Databases,8,https://docs.google.com/spreadsheets/d/1ELvXc5h1iMOv31KZ4m6UQQZq3J8g-nVhZNlTP9Vpiuc/edit?gid=935355893
2024,2,Computer Networks,9,https://docs.google.com/spreadsheets/d/1ELvXc5h1iMOv31KZ4m6UQQZq3J8g-nVhZNlTP9Vpiuc/edit?gid=935355893
2024,2,Quantitative Aptitude,7,https://docs.google.com/spreadsheets/d/1ELvXc5h1iMOv31KZ4m6UQQZq3J8g-nVhZNlTP9Vpiuc/edit?gid=935355893
2024,2,Verbal Aptitude,3,https://docs.google.com/spreadsheets/d/1ELvXc5h1iMOv31KZ4m6UQQZq3J8g-nVhZNlTP9Vpiuc/edit?gid=935355893
2024,2,Analytical Aptitude,3,https://docs.google.com/spreadsheets/d/1ELvXc5h1iMOv31KZ4m6UQQZq3J8g-nVhZNlTP9Vpiuc/edit?gid=935355893
2024,2,Spatial Aptitude,2,https://docs.google.com/spreadsheets/d/1ELvXc5h1iMOv31KZ4m6UQQZq3J8g-nVhZNlTP9Vpiuc/edit?gid=935355893
2025,1,Probability,3,https://docs.google.com/spreadsheets/d/1ELvXc5h1iMOv31KZ4m6UQQZq3J8g-nVhZNlTP9Vpiuc/edit?gid=935355893
2025,1,Linear Algebra,3,https://docs.google.com/spreadsheets/d/1ELvXc5h1iMOv31KZ4m6UQQZq3J8g-nVhZNlTP9Vpiuc/edit?gid=935355893
2025,1,Calculus,1,https://docs.google.com/spreadsheets/d/1ELvXc5h1iMOv31KZ4m6UQQZq3J8g-nVhZNlTP9Vpiuc/edit?gid=935355893
2025,1,Mathematical Logic,2,https://docs.google.com/spreadsheets/d/1ELvXc5h1iMOv31KZ4m6UQQZq3J8g-nVhZNlTP9Vpiuc/edit?gid=935355893
2025,1,Set Theory & Algebra,3,https://docs.google.com/spreadsheets/d/1ELvXc5h1iMOv31KZ4m6UQQZq3J8g-nVhZNlTP9Vpiuc/edit?gid=935355893
2025,1,Combinatory,1,https://docs.google.com/spreadsheets/d/1ELvXc5h1iMOv31KZ4m6UQQZq3J8g-nVhZNlTP9Vpiuc/edit?gid=935355893
2025,1,Graph Theory,0,https://docs.google.com/spreadsheets/d/1ELvXc5h1iMOv31KZ4m6UQQZq3J8g-nVhZNlTP9Vpiuc/edit?gid=935355893
2025,1,Digital Logic,6,https://docs.google.com/spreadsheets/d/1ELvXc5h1iMOv31KZ4m6UQQZq3J8g-nVhZNlTP9Vpiuc/edit?gid=935355893
2025,1,CO & Architecture,8,https://docs.google.com/spreadsheets/d/1ELvXc5h1iMOv31KZ4m6UQQZq3J8g-nVhZNlTP9Vpiuc/edit?gid=935355893
2025,1,Programming,5,https://docs.google.com/spreadsheets/d/1ELvXc5h1iMOv31KZ4m6UQQZq3J8g-nVhZNlTP9Vpiuc/edit?gid=935355893
2025,1,Data Structures,5,https://docs.google.com/spreadsheets/d/1ELvXc5h1iMOv31KZ4m6UQQZq3J8g-nVhZNlTP9Vpiuc/edit?gid=935355893
2025,1,Algorithms,8,https://docs.google.com/spreadsheets/d/1ELvXc5h1iMOv31KZ4m6UQQZq3J8g-nVhZNlTP9Vpiuc/edit?gid=935355893
2025,1,Theory of Computation,10,https://docs.google.com/spreadsheets/d/1ELvXc5h1iMOv31KZ4m6UQQZq3J8g-nVhZNlTP9Vpiuc/edit?gid=935355893
2025,1,Compiler Design,6,https://docs.google.com/spreadsheets/d/1ELvXc5h1iMOv31KZ4m6UQQZq3J8g-nVhZNlTP9Vpiuc/edit?gid=935355893
2025,1,Operating System,8,https://docs.google.com/spreadsheets/d/1ELvXc5h1iMOv31KZ4m6UQQZq3J8g-nVhZNlTP9Vpiuc/edit?gid=935355893
2025,1,Databases,8,https://docs.google.com/spreadsheets/d/1ELvXc5h1iMOv31KZ4m6UQQZq3J8g-nVhZNlTP9Vpiuc/edit?gid=935355893
2025,1,Computer Networks,8,https://docs.google.com/spreadsheets/d/1ELvXc5h1iMOv31KZ4m6UQQZq3J8g-nVhZNlTP9Vpiuc/edit?gid=935355893
2025,1,Quantitative Aptitude,7,https://docs.google.com/spreadsheets/d/1ELvXc5h1iMOv31KZ4m6UQQZq3J8g-nVhZNlTP9Vpiuc/edit?gid=935355893
2025,1,Verbal Aptitude,4,https://docs.google.com/spreadsheets/d/1ELvXc5h1iMOv31KZ4m6UQQZq3J8g-nVhZNlTP9Vpiuc/edit?gid=935355893
2025,1,Analytical Aptitude,2,https://docs.google.com/spreadsheets/d/1ELvXc5h1iMOv31KZ4m6UQQZq3J8g-nVhZNlTP9Vpiuc/edit?gid=935355893
2025,1,Spatial Aptitude,2,https://docs.google.com/spreadsheets/d/1ELvXc5h1iMOv31KZ4m6UQQZq3J8g-nVhZNlTP9Vpiuc/edit?gid=935355893
2025,2,Probability,4,https://docs.google.com/spreadsheets/d/1ELvXc5h1iMOv31KZ4m6UQQZq3J8g-nVhZNlTP9Vpiuc/edit?gid=935355893
2025,2,Linear Algebra,4,https://docs.google.com/spreadsheets/d/1ELvXc5h1iMOv31KZ4m6UQQZq3J8g-nVhZNlTP9Vpiuc/edit?gid=935355893
2025,2,Calculus,1,https://docs.google.com/spreadsheets/d/1ELvXc5h1iMOv31KZ4m6UQQZq3J8g-nVhZNlTP9Vpiuc/edit?gid=935355893
2025,2,Mathematical Logic,1,https://docs.google.com/spreadsheets/d/1ELvXc5h1iMOv31KZ4m6UQQZq3J8g-nVhZNlTP9Vpiuc/edit?gid=935355893
2025,2,Set Theory & Algebra,2,https://docs.google.com/spreadsheets/d/1ELvXc5h1iMOv31KZ4m6UQQZq3J8g-nVhZNlTP9Vpiuc/edit?gid=935355893
2025,2,Combinatory,0,https://docs.google.com/spreadsheets/d/1ELvXc5h1iMOv31KZ4m6UQQZq3J8g-nVhZNlTP9Vpiuc/edit?gid=935355893
2025,2,Graph Theory,0,https://docs.google.com/spreadsheets/d/1ELvXc5h1iMOv31KZ4m6UQQZq3J8g-nVhZNlTP9Vpiuc/edit?gid=935355893
2025,2,Digital Logic,9,https://docs.google.com/spreadsheets/d/1ELvXc5h1iMOv31KZ4m6UQQZq3J8g-nVhZNlTP9Vpiuc/edit?gid=935355893
2025,2,CO & Architecture,9,https://docs.google.com/spreadsheets/d/1ELvXc5h1iMOv31KZ4m6UQQZq3J8g-nVhZNlTP9Vpiuc/edit?gid=935355893
2025,2,Programming,6,https://docs.google.com/spreadsheets/d/1ELvXc5h1iMOv31KZ4m6UQQZq3J8g-nVhZNlTP9Vpiuc/edit?gid=935355893
2025,2,Data Structures,6,https://docs.google.com/spreadsheets/d/1ELvXc5h1iMOv31KZ4m6UQQZq3J8g-nVhZNlTP9Vpiuc/edit?gid=935355893
2025,2,Algorithms,8,https://docs.google.com/spreadsheets/d/1ELvXc5h1iMOv31KZ4m6UQQZq3J8g-nVhZNlTP9Vpiuc/edit?gid=935355893
2025,2,Theory of Computation,7,https://docs.google.com/spreadsheets/d/1ELvXc5h1iMOv31KZ4m6UQQZq3J8g-nVhZNlTP9Vpiuc/edit?gid=935355893
2025,2,Compiler Design,6,https://docs.google.com/spreadsheets/d/1ELvXc5h1iMOv31KZ4m6UQQZq3J8g-nVhZNlTP9Vpiuc/edit?gid=935355893
2025,2,Operating System,7,https://docs.google.com/spreadsheets/d/1ELvXc5h1iMOv31KZ4m6UQQZq3J8g-nVhZNlTP9Vpiuc/edit?gid=935355893
2025,2,Databases,9,https://docs.google.com/spreadsheets/d/1ELvXc5h1iMOv31KZ4m6UQQZq3J8g-nVhZNlTP9Vpiuc/edit?gid=935355893
2025,2,Computer Networks,6,https://docs.google.com/spreadsheets/d/1ELvXc5h1iMOv31KZ4m6UQQZq3J8g-nVhZNlTP9Vpiuc/edit?gid=935355893
2025,2,Quantitative Aptitude,8,https://docs.google.com/spreadsheets/d/1ELvXc5h1iMOv31KZ4m6UQQZq3J8g-nVhZNlTP9Vpiuc/edit?gid=935355893
2025,2,Verbal Aptitude,2,https://docs.google.com/spreadsheets/d/1ELvXc5h1iMOv31KZ4m6UQQZq3J8g-nVhZNlTP9Vpiuc/edit?gid=935355893
2025,2,Analytical Aptitude,4,https://docs.google.com/spreadsheets/d/1ELvXc5h1iMOv31KZ4m6UQQZq3J8g-nVhZNlTP9Vpiuc/edit?gid=935355893
2025,2,Spatial Aptitude,1,https://docs.google.com/spreadsheets/d/1ELvXc5h1iMOv31KZ4m6UQQZq3J8g-nVhZNlTP9Vpiuc/edit?gid=935355893
2026,1,Probability,3,https://gate2026.iitg.ac.in/doc/download/2026/QPs/CS1.pdf
2026,1,Linear Algebra,2,https://gate2026.iitg.ac.in/doc/download/2026/QPs/CS1.pdf
2026,1,Calculus,3,https://web.archive.org/web/20260526212823/https://gateoverflow.in/questions/mathematics/calculus?start=140
2026,1,Mathematical Logic,0,https://gate2026.iitg.ac.in/doc/download/2026/QPs/CS1.pdf
2026,1,Set Theory & Algebra,0,https://web.archive.org/web/20260526212941/https://gateoverflow.in/questions/mathematics/discrete-mathematics/set-theory&algebra?start=120
2026,1,Combinatory,1,https://gate2026.iitg.ac.in/doc/download/2026/QPs/CS1.pdf
2026,1,Graph Theory,4,https://gate2026.iitg.ac.in/doc/download/2026/QPs/CS1.pdf
2026,1,Digital Logic,8,https://web.archive.org/web/20260526170906/https://gateoverflow.in/questions/digital-logic?start=140
2026,1,CO & Architecture,11,https://web.archive.org/web/20260526213313/https://gateoverflow.in/questions/co-and-architecture?start=200
2026,1,Programming,3,https://gate2026.iitg.ac.in/doc/download/2026/QPs/CS1.pdf
2026,1,Data Structures,2,https://web.archive.org/web/20260526212642/https://gateoverflow.in/questions/programming-in-c/data-structures?start=120
2026,1,Algorithms,16,https://web.archive.org/web/20260527000032/https://gateoverflow.in/questions/algorithms?page=2
2026,1,Theory of Computation,6,https://web.archive.org/web/20260526171042/https://gateoverflow.in/questions/theory-of-computation?start=120
2026,1,Compiler Design,6,https://web.archive.org/web/20260526171919/https://gateoverflow.in/questions/compiler-design?start=120
2026,1,Operating System,6,https://web.archive.org/web/20260526213414/https://gateoverflow.in/questions/operating-system?start=140
2026,1,Databases,6,https://web.archive.org/web/20260526213513/https://gateoverflow.in/questions/databases?start=120
2026,1,Computer Networks,8,https://gate2026.iitg.ac.in/doc/download/2026/QPs/CS1.pdf
2026,1,Quantitative Aptitude,6,https://web.archive.org/web/20260526214026/https://gateoverflow.in/questions/general-aptitude/quantitative-aptitude?start=120
2026,1,Verbal Aptitude,1,https://web.archive.org/web/20260526214220/https://gateoverflow.in/questions/general-aptitude/verbal-aptitude?start=120
2026,1,Analytical Aptitude + Spatial Aptitude,8,https://gate2026.iitg.ac.in/doc/download/2026/QPs/CS1.pdf
2026,2,Probability,3,https://gate2026.iitg.ac.in/doc/download/2026/QPs/CS2.pdf
2026,2,Linear Algebra,3,https://gate2026.iitg.ac.in/doc/download/2026/QPs/CS2.pdf
2026,2,Calculus,3,https://web.archive.org/web/20260526212823/https://gateoverflow.in/questions/mathematics/calculus?start=140
2026,2,Mathematical Logic,1,https://gate2026.iitg.ac.in/doc/download/2026/QPs/CS2.pdf
2026,2,Set Theory & Algebra,1,https://web.archive.org/web/20260526212941/https://gateoverflow.in/questions/mathematics/discrete-mathematics/set-theory&algebra?start=120
2026,2,Combinatory,0,https://gate2026.iitg.ac.in/doc/download/2026/QPs/CS2.pdf
2026,2,Graph Theory,2,https://gate2026.iitg.ac.in/doc/download/2026/QPs/CS2.pdf
2026,2,Digital Logic,7,https://web.archive.org/web/20260526170906/https://gateoverflow.in/questions/digital-logic?start=140
2026,2,CO & Architecture,11,https://web.archive.org/web/20260526213313/https://gateoverflow.in/questions/co-and-architecture?start=200
2026,2,Programming,6,https://gate2026.iitg.ac.in/doc/download/2026/QPs/CS2.pdf
2026,2,Data Structures,3,https://web.archive.org/web/20260526212642/https://gateoverflow.in/questions/programming-in-c/data-structures?start=120
2026,2,Algorithms,12,https://web.archive.org/web/20260527000032/https://gateoverflow.in/questions/algorithms?page=2
2026,2,Theory of Computation,5,https://web.archive.org/web/20260526171042/https://gateoverflow.in/questions/theory-of-computation?start=120
2026,2,Compiler Design,6,https://web.archive.org/web/20260526171919/https://gateoverflow.in/questions/compiler-design?start=120
2026,2,Operating System,7,https://web.archive.org/web/20260526213414/https://gateoverflow.in/questions/operating-system?start=140
2026,2,Databases,6,https://web.archive.org/web/20260526213513/https://gateoverflow.in/questions/databases?start=120
2026,2,Computer Networks,9,https://gate2026.iitg.ac.in/doc/download/2026/QPs/CS2.pdf
2026,2,Quantitative Aptitude,6,https://web.archive.org/web/20260526214026/https://gateoverflow.in/questions/general-aptitude/quantitative-aptitude?start=120
2026,2,Verbal Aptitude,1,https://web.archive.org/web/20260526214220/https://gateoverflow.in/questions/general-aptitude/verbal-aptitude?start=120
2026,2,Analytical Aptitude + Spatial Aptitude,8,https://gate2026.iitg.ac.in/doc/download/2026/QPs/CS2.pdf
